Latitude,Longitude,Population
31.653069,74.463633,3615
31.639721,74.241228,4449
31.648529,74.255735,2358
31.647558,74.245434,8
31.633826,74.257621,1538
31.632855,74.247322,2108
31.641663,74.261828,50
31.640692,74.251528,936
31.636734,74.288518,12137
31.645537,74.303029,7130
31.644569,74.292728,15687
31.630833,74.304904,17557
31.629866,74.294606,12232
31.638668,74.309117,6623
31.637701,74.298817,6148
31.62696,74.263712,3677
31.635765,74.278218,18158
31.634796,74.267919,10030
31.621063,74.280099,16067
31.620094,74.269802,15814
31.628898,74.284308,19204
31.62793,74.27401,18381
31.653372,74.307242,634
31.652405,74.29694,9127
31.6495,74.266036,5068
31.643601,74.282428,15845
31.642632,74.272128,6255
31.651438,74.286638,15212
31.650469,74.276337,14046
31.598423,74.355908,17267
31.607215,74.370419,10723
31.606253,74.360124,12945
31.592516,74.372278,18513
31.591555,74.361985,17390
31.600346,74.376495,18758
31.599385,74.366202,15339
31.630708,74.383077,300
31.639499,74.397598,904
31.63854,74.387298,2750
31.624796,74.399452,391
31.623837,74.389154,708
31.632627,74.403674,147
31.631668,74.393375,342
31.620954,74.358262,305
31.629747,74.372778,144
31.628786,74.36248,48
31.615046,74.374637,2663
31.614084,74.364341,4909
31.622877,74.378856,391
31.621916,74.368559,1099
31.595396,74.403157,16340
31.604182,74.417673,10405
31.603224,74.407378,14703
31.589484,74.419521,13971
31.588526,74.409229,17195
31.597311,74.423744,9843
31.596354,74.41345,10380
31.585648,74.378353,15974
31.594437,74.392864,19906
31.593477,74.382571,18196
31.579739,74.394717,20394
31.57878,74.384427,20004
31.587567,74.398936,19344
31.586608,74.388645,16999
31.617925,74.405527,2101
31.626713,74.420048,1099
31.625755,74.40975,171
31.612011,74.421896,9794
31.611053,74.4116,10796
31.61984,74.426121,4543
31.618883,74.415824,1563
31.608176,74.380714,6204
31.616966,74.39523,1416
31.616006,74.384933,342
31.602266,74.397084,15998
31.601306,74.386789,17390
31.610095,74.401305,3469
31.609136,74.391009,4933
31.591665,74.283858,4152
31.600466,74.298359,14229
31.599498,74.288065,443
31.585768,74.300234,24782
31.584801,74.289943,26272
31.5936,74.304443,20567
31.592633,74.29415,17081
31.623965,74.31099,3866
31.632765,74.325502,1
31.631799,74.315203,3074
31.618063,74.327371,760
31.617098,74.317075,5
31.625896,74.331585,2
31.624931,74.321288,1
31.614197,74.286187,14228
31.622999,74.300693,14356
31.622032,74.290396,11060
31.608299,74.302568,7954
31.607331,74.292273,5515
31.616132,74.306779,2186
31.615165,74.296483,7416
31.588665,74.331109,24221
31.59746,74.345614,25194
31.596496,74.335321,24243
31.582763,74.347479,21358
31.581799,74.337188,17227
31.590592,74.351693,21454
31.589629,74.341401,27032
31.578904,74.306316,20948
31.5877,74.320817,17831
31.586735,74.310525,16923
31.573005,74.322686,14606
31.572039,74.312397,19895
31.580835,74.326897,14557
31.57987,74.316607,21538
31.611195,74.333454,14672
31.619991,74.347965,5958
31.619027,74.337668,4088
31.605291,74.349829,20478
31.604327,74.339535,24877
31.613122,74.354045,4528
31.612159,74.343749,16479
31.601432,74.308652,21422
31.61023,74.323158,10744
31.609265,74.312863,11915
31.595532,74.325028,13025
31.594566,74.314735,8144
31.603363,74.32924,22469
31.602398,74.318946,22151
31.653245,74.385441,332
31.647331,74.401821,628
31.646372,74.39152,146
31.654205,74.395743,385
31.650204,74.432726,415
31.644285,74.449101,2443
31.643329,74.4388,366
31.652115,74.453331,244
31.65116,74.443029,562
31.640458,74.407898,611
31.649247,74.422425,684
31.64829,74.412123,2145
31.634543,74.424273,1050
31.633585,74.413974,123
31.642373,74.428499,390
31.641416,74.418199,1344
31.646503,74.31333,3
31.654339,74.317544,383
31.639634,74.319416,1
31.648433,74.333932,75
31.647469,74.323631,17
31.643489,74.360617,88
31.652284,74.375139,73
31.651323,74.364837,2516
31.637579,74.376998,1458
31.636618,74.366698,10458
31.645412,74.381219,1822
31.644451,74.370918,2021
31.627823,74.352181,41
31.62686,74.341883,127
31.635656,74.356399,1141
31.634693,74.3461,63
31.61913,74.024982,2632
31.627963,74.039458,1344
31.626974,74.029161,19
31.613264,74.041392,568
31.612276,74.031098,6
31.621107,74.045573,828
31.620119,74.035278,166
31.651497,74.052005,1454
31.645625,74.068421,184
31.644639,74.058121,663
31.653469,74.072607,221
31.652483,74.062306,699
31.641675,74.027224,571
31.650509,74.041705,239
31.649521,74.031405,2081
31.635807,74.043639,110
31.634819,74.033342,387
31.643652,74.047822,626
31.642664,74.037523,2393
31.616224,74.072277,67
31.62505,74.086757,331
31.624066,74.076461,847
31.610351,74.088681,67
31.609367,74.078387,33
31.618193,74.092867,803
31.617209,74.082572,1
31.606409,74.047506,53
31.615238,74.061982,203
31.614251,74.051687,442
31.60054,74.063911,460
31.599554,74.053618,1642
31.608382,74.068093,129
31.607396,74.057799,221
31.638767,74.074534,755
31.647595,74.08902,349
31.64661,74.07872,148
31.632893,74.090944,184
31.631908,74.080647,110
31.640735,74.095132,203
31.639751,74.084833,1196
31.62895,74.049755,534
31.637781,74.064236,37
31.636794,74.053938,1
31.62308,74.066165,1307
31.622094,74.055869,294
31.630923,74.070349,277
31.629937,74.060052,1767
31.618141,74.014687,92
31.603443,74.016627,2816
31.602453,74.006334,203
31.611286,74.020804,1712
31.610297,74.01051,184
31.640686,74.016925,55
31.639695,74.006627,1638
31.625985,74.018865,1123
31.624995,74.008569,111
31.63383,74.023044,129
31.63284,74.012747,552
31.654454,74.082908,110
31.648532,74.021105,497
31.647541,74.010805,92
31.425059,74.408996,2418
31.433832,74.423475,4470
31.432875,74.413207,49
31.419156,74.425317,464
31.4182,74.415051,3443
31.426972,74.42953,147
31.426016,74.419263,953
31.415325,74.384256,2857
31.424101,74.398729,25
31.423142,74.388463,1221
31.409426,74.400577,3077
31.408468,74.390313,1734
31.417242,74.404786,1270
31.416284,74.394521,782
31.412297,74.43137,3248
31.421067,74.445849,1002
31.420112,74.435583,2638
31.406393,74.447686,3053
31.405438,74.437422,1538
31.414207,74.4519,2956
31.413253,74.441635,3810
31.411341,74.421106,2027
31.410384,74.410841,806
31.447553,74.411362,8548
31.456328,74.425846,3298
31.455371,74.415574,12578
31.441649,74.427688,7523
31.440693,74.417419,4103
31.449466,74.431902,10894
31.44851,74.421632,4909
31.479784,74.438494,2833
31.488558,74.452988,660
31.487603,74.442712,219
31.473875,74.454825,5374
31.47292,74.444551,6643
31.481693,74.459045,8695
31.480739,74.448769,1515
31.470052,74.413729,14557
31.478828,74.428219,9696
31.477871,74.417944,12969
31.464146,74.430061,9819
31.46319,74.419788,17512
31.471965,74.434277,6693
31.471009,74.424003,15338
31.444514,74.458497,2662
31.453283,74.472986,1490
31.45233,74.462715,5691
31.438604,74.474817,4714
31.437651,74.464548,7279
31.445467,74.468767,2955
31.434788,74.433743,4201
31.44356,74.448227,2784
31.442605,74.437957,5105
31.428882,74.450064,1148
31.427928,74.439797,733
31.436698,74.45428,4420
31.435744,74.444011,2614
31.467011,74.46088,8719
31.475781,74.475374,5178
31.474828,74.4651,9868
31.460147,74.466934,4836
31.467964,74.471153,5691
31.457284,74.436118,12554
31.466057,74.450607,6229
31.465102,74.440334,8231
31.451376,74.452444,4811
31.450422,74.442173,9575
31.459193,74.456661,7742
31.458239,74.446389,13263
31.4083,74.468214,2443
31.407347,74.457949,4592
31.422022,74.456115,5935
31.430789,74.470599,4616
31.429836,74.460331,3151
31.416114,74.47243,4347
31.415161,74.462165,5081
31.422975,74.466381,5862
31.550351,74.398422,16169
31.559135,74.412927,14044
31.558177,74.40264,14215
31.544442,74.414775,10356
31.543484,74.40449,7791
31.552267,74.418994,16120
31.551309,74.408708,12530
31.582613,74.42559,6765
31.591396,74.440106,14509
31.59044,74.429813,9378
31.576699,74.441949,11920
31.575743,74.431658,10600
31.584525,74.446173,6814
31.58357,74.435882,9965
31.572871,74.400788,19418
31.581656,74.415299,13336
31.580698,74.405008,21298
31.566961,74.417147,16584
31.566003,74.406858,11992
31.574787,74.421368,11016
31.573829,74.411078,20638
31.547311,74.445632,2760
31.556089,74.460142,25
31.555135,74.449855,6423
31.541397,74.461979,5813
31.540443,74.451695,3713
31.548266,74.455918,610
31.537575,74.420841,11749
31.546356,74.435346,3150
31.545399,74.425061,9526
31.531665,74.437189,9403
31.530709,74.426905,5178
31.539488,74.44141,2736
31.538532,74.431125,146
31.569829,74.448015,6448
31.578608,74.46253,14069
31.577654,74.452239,7034
31.563913,74.464367,2223
31.562959,74.454079,1074
31.571737,74.468594,4275
31.570784,74.458304,3883
31.560092,74.423215,16316
31.568874,74.437725,9867
31.567918,74.427436,15339
31.55418,74.439568,3712
31.553224,74.429281,10576
31.562004,74.443791,3273
31.561049,74.433503,8866
31.605139,74.427967,4616
31.613923,74.442488,98
31.612968,74.432192,3492
31.599223,74.444331,11944
31.598268,74.434037,6692
31.607051,74.448557,3566
31.606095,74.438262,6863
31.63741,74.455172,1393
31.646193,74.469704,5642
31.64524,74.459402,6765
31.631489,74.471541,806
31.630535,74.461242,1539
31.638364,74.465472,830
31.627669,74.430346,1734
31.636455,74.444872,4910
31.635499,74.434573,73
31.621752,74.446715,6253
31.620796,74.436418,2124
31.629581,74.450943,1271
31.628625,74.440645,1880
31.602085,74.475214,9794
31.592352,74.450399,15387
31.601132,74.46492,11138
31.600178,74.454625,12505
31.586434,74.466757,11040
31.58548,74.456465,7083
31.594259,74.470985,17195
31.593306,74.460692,8768
31.614879,74.452785,1685
31.623661,74.467311,1026
31.622707,74.457013,416
31.608959,74.469148,830
31.608005,74.458853,9281
31.616786,74.473378,464
31.615833,74.463081,4372
31.502288,74.440871,8696
31.511064,74.455371,488
31.510109,74.445091,6863
31.496377,74.457208,2321
31.495423,74.44693,293
31.504197,74.461429,2002
31.503243,74.45115,3762
31.534528,74.46804,5373
31.54235,74.472264,24
31.527659,74.474099,24
31.524797,74.443251,12188
31.533574,74.457756,14728
31.53262,74.447472,3834
31.518885,74.459593,6278
31.517931,74.449312,6545
31.526706,74.463816,10063
31.525752,74.453533,15656
31.489512,74.463265,3150
31.497331,74.467486,904
31.482646,74.46932,10649
31.490465,74.473542,9574
31.512018,74.465651,2491
31.519838,74.469875,586
31.50515,74.471709,3077
31.564866,74.474656,196
31.579562,74.472821,11529
31.438933,74.007104,87
31.447755,74.021538,70
31.446765,74.01127,122
31.43308,74.023471,1741
31.432091,74.013205,2438
31.440911,74.027638,226
31.439923,74.017371,52
31.412553,74.041763,1622
31.411565,74.0315,1723
31.405711,74.047858,201
31.426237,74.02957,209
31.435055,74.044004,200
31.434068,74.033737,4235
31.420382,74.045931,34
31.419395,74.035667,719
31.428212,74.0501,234
31.427225,74.039835,2375
31.416429,74.004876,226
31.425249,74.019305,209
31.42426,74.00904,470
31.410577,74.021238,365
31.409588,74.010975,558
31.418407,74.025403,260
31.417418,74.015139,679
31.571151,74.067766,284
31.579975,74.082236,100
31.57899,74.071947,34
31.565282,74.084159,1338
31.564298,74.073872,1639
31.573121,74.088342,16
31.572136,74.078054,1539
31.603495,74.094789,1070
31.612318,74.10927,2
31.59762,74.111188,618
31.596638,74.100896,352
31.60546,74.115376,250
31.604478,74.105082,67
31.593685,74.07002,837
31.602511,74.084496,33
31.601526,74.074203,485
31.587815,74.086419,184
31.595654,74.090604,1004
31.59467,74.080312,1505
31.568231,74.115022,485
31.57705,74.129497,736
31.576069,74.119208,150
31.562357,74.13141,335
31.561376,74.121123,33
31.570193,74.135598,368
31.569212,74.12531,368
31.558428,74.090264,1
31.567249,74.104734,669
31.566266,74.094447,16
31.552558,74.106652,1037
31.551575,74.096367,100
31.560394,74.110836,1221
31.559412,74.10055,736
31.590763,74.117292,84
31.599583,74.131773,50
31.584887,74.133686,284
31.583906,74.123395,251
31.592725,74.137875,50
31.580959,74.092526,118
31.589781,74.107001,200
31.588798,74.09671,101
31.575087,74.108919,133
31.574104,74.098631,34
31.582925,74.113105,167
31.581942,74.102815,1790
31.632898,74.169136,1354
31.641714,74.183632,8229
31.640738,74.173333,4549
31.627012,74.185535,2960
31.626036,74.175237,151
31.634851,74.189733,9516
31.633875,74.179434,4031
31.649554,74.187831,6506
31.648578,74.177531,7827
31.629938,74.216427,8730
31.638748,74.230929,4549
31.637775,74.220629,4516
31.624047,74.23282,8111
31.623074,74.222523,8931
31.631883,74.237024,8178
31.630911,74.226725,8630
31.628963,74.20613,5570
31.627988,74.195832,501
31.614263,74.208026,820
31.613288,74.197731,100
31.6221,74.212226,2509
31.621126,74.20193,234
31.652479,74.218735,736
31.646586,74.235133,603
31.645614,74.224832,1170
31.654425,74.239338,168
31.653452,74.229036,317
31.642691,74.193932,7342
31.651505,74.208433,1840
31.65053,74.198132,1238
31.636802,74.21033,5552
31.635827,74.200032,5854
31.64464,74.214532,2977
31.643666,74.204232,6673
31.626034,74.097054,626
31.634859,74.11154,110
31.633876,74.101242,350
31.620158,74.113458,238
31.619176,74.103163,284
31.627017,74.107351,350
31.652505,74.140523,5134
31.651525,74.130222,1706
31.648579,74.099321,1031
31.642701,74.11573,184
31.641719,74.105431,331
31.650543,74.119922,179
31.623101,74.144347,863
31.63192,74.158838,4232
31.630941,74.14854,1990
31.617219,74.160746,970
31.616241,74.15045,100
31.625058,74.16494,736
31.62408,74.154644,485
31.6133,74.119565,134
31.622121,74.134051,920
31.62114,74.123754,83
31.607422,74.135963,51
31.606441,74.12567,1455
31.615261,74.140155,1254
31.614281,74.12986,853
31.645643,74.14663,853
31.654463,74.161126,4800
31.653485,74.150825,4582
31.63976,74.163034,2509
31.638781,74.152734,3847
31.6476,74.16723,4766
31.646622,74.15693,2726
31.635841,74.121838,318
31.644663,74.13633,201
31.643683,74.12603,430
31.629961,74.138243,1806
31.628981,74.127945,987
31.637802,74.142436,652
31.636822,74.132137,2425
31.530034,74.182455,2225
31.538841,74.19693,67
31.537866,74.186646,401
31.524153,74.198826,259
31.523178,74.188545,1639
31.531984,74.203019,367
31.531009,74.192737,485
31.56234,74.209515,619
31.571147,74.224,217
31.570173,74.213711,502
31.556454,74.225891,809
31.555481,74.215605,348
31.564286,74.230089,98
31.563313,74.219802,167
31.552556,74.184747,1623
31.561365,74.199227,502
31.56039,74.18894,1839
31.546674,74.201124,385
31.545699,74.190839,418
31.554507,74.205319,100
31.553532,74.195033,251
31.527074,74.229671,349
31.535876,74.244151,5514
31.534904,74.233868,253
31.521187,74.246036,3
31.520216,74.235755,444
31.529017,74.250235,3644
31.528046,74.239953,349
31.510441,74.211,539
31.519244,74.225475,380
31.518271,74.215194,602
31.549594,74.231979,602
31.558398,74.246464,983
31.557426,74.236178,1077
31.543706,74.24835,1489
31.542735,74.238066,32
31.551537,74.25255,2123
31.550566,74.242264,412
31.539816,74.207213,216
31.548622,74.221694,190
31.547648,74.211409,309
31.533932,74.223585,190
31.541763,74.227781,1109
31.54079,74.217497,571
31.531996,74.12495,1355
31.531015,74.114668,1388
31.517309,74.126862,167
31.516328,74.116583,17
31.525143,74.131047,267
31.524162,74.120766,586
31.555501,74.137509,301
31.564316,74.151984,836
31.563337,74.141697,167
31.549624,74.153891,1338
31.548645,74.143606,803
31.557459,74.158081,2074
31.55648,74.147795,234
31.545704,74.112753,719
31.554521,74.127223,151
31.553539,74.116937,67
31.539831,74.129135,33
31.53885,74.118852,201
31.547666,74.133321,1739
31.546685,74.123037,268
31.520247,74.157703,602
31.529057,74.172173,284
31.52808,74.161891,385
31.51437,74.174074,301
31.513393,74.163795,267
31.522202,74.178264,168
31.521225,74.167983,284
31.510457,74.132957,2107
31.519269,74.147422,6021
31.518289,74.137142,669
31.504583,74.149329,268
31.503604,74.139051,1087
31.512415,74.153515,1204
31.511436,74.143236,1137
31.542768,74.159986,4800
31.55158,74.174461,3663
31.550602,74.164176,1254
31.53689,74.176363,669
31.535913,74.16608,2342
31.544723,74.180555,853
31.543746,74.17027,1689
31.532977,74.135232,1137
31.54179,74.149702,686
31.540811,74.139419,83
31.527102,74.151609,937
31.526123,74.141328,1054
31.534935,74.155797,1906
31.533956,74.145515,1004
31.584868,74.211817,5151
31.593676,74.226308,7041
31.592703,74.216016,3830
31.57898,74.228199,318
31.578007,74.217909,217
31.586814,74.232399,485
31.585841,74.222108,1037
31.617182,74.238913,6599
31.62599,74.253415,6874
31.625019,74.243117,11038
31.611289,74.255301,19965
31.610318,74.245006,12885
31.619125,74.259506,12440
31.618154,74.24921,10570
31.6074,74.214122,2576
31.61621,74.228618,4147
31.615237,74.218322,3914
31.601511,74.230509,7208
31.600538,74.220215,4148
31.609347,74.234711,1403
31.608374,74.224416,1037
31.581894,74.25907,12835
31.590697,74.273566,63
31.589727,74.263274,6687
31.576001,74.275446,11567
31.575032,74.265157,1331
31.583833,74.279651,8017
31.582864,74.269361,2472
31.572119,74.234289,1020
31.580924,74.24878,2504
31.579952,74.238489,268
31.566229,74.250665,1172
31.565258,74.240377,1278
31.574062,74.254867,6307
31.573091,74.244578,946
31.604425,74.26139,7669
31.613229,74.275891,19902
31.61226,74.265596,20979
31.59853,74.277772,570
31.597561,74.267479,285
31.606363,74.281979,17620
31.605395,74.271684,15275
31.594648,74.2366,8128
31.603455,74.251096,16448
31.602483,74.240802,9741
31.588757,74.252982,14166
31.587786,74.242691,3647
31.596591,74.257186,9317
31.59562,74.246893,12266
31.586846,74.154267,886
31.585867,74.143976,903
31.572151,74.156174,1723
31.571173,74.145886,752
31.579988,74.160366,435
31.579009,74.150076,84
31.610359,74.166846,318
31.618197,74.171041,485
31.604475,74.183239,3612
31.603498,74.172946,803
31.612312,74.187436,67
31.611336,74.177141,301
31.609381,74.156552,535
31.608402,74.146258,117
31.594683,74.158459,368
31.593704,74.148167,201
31.602521,74.162652,953
31.601542,74.152359,636
31.575083,74.187041,2191
31.583893,74.201527,2692
31.582918,74.191236,469
31.569199,74.203423,1555
31.568224,74.193135,4566
31.577033,74.20762,1170
31.576059,74.19733,6807
31.565294,74.162271,536
31.574107,74.176752,1388
31.573129,74.166463,468
31.559414,74.178654,2843
31.558437,74.168367,3178
31.567248,74.182847,1187
31.566271,74.172559,686
31.597614,74.189336,301
31.606426,74.203827,67
31.605451,74.193533,100
31.591729,74.205724,4884
31.590754,74.195432,284
31.599564,74.209922,1556
31.59859,74.199629,1388
31.587824,74.164558,67
31.596638,74.179044,1271
31.595661,74.168751,67
31.581942,74.180946,401
31.580965,74.170656,334
31.589778,74.185141,235
31.588801,74.174849,1739
31.573064,74.010215,271
31.558373,74.012155,435
31.566213,74.016329,17
31.565223,74.006042,318
31.59659,74.022742,73
31.605421,74.037213,330
31.604433,74.02692,18
31.589737,74.028856,1105
31.598567,74.043326,167
31.597579,74.033034,924
31.5956,74.01245,1013
31.580906,74.01439,865
31.588748,74.018566,1031
31.587758,74.008275,681
31.561339,74.043013,937
31.570165,74.057478,2
31.569178,74.04719,34
31.555474,74.059406,384
31.554487,74.049121,17
31.563312,74.063586,34
31.562326,74.053299,117
31.551523,74.018266,1
31.560351,74.032726,49
31.559362,74.02244,1138
31.545661,74.03466,1538
31.5535,74.038836,17
31.552512,74.028551,134
31.592699,74.059729,451
31.591713,74.049438,101
31.578005,74.061658,652
31.577018,74.051369,3010
31.585845,74.065839,34
31.584859,74.055548,150
31.574054,74.020503,2
31.582884,74.034969,50
31.581895,74.024679,1
31.568191,74.036903,619
31.567202,74.026616,50
31.461442,74.009333,1672
31.470265,74.023773,987
31.469276,74.013501,936
31.455587,74.025706,118
31.454598,74.015436,353
31.46342,74.029875,167
31.462431,74.019604,736
31.493768,74.036284,50
31.50259,74.050734,586
31.501603,74.040457,317
31.487908,74.052662,17
31.486921,74.042387,251
31.495742,74.056836,1
31.494755,74.04656,1
31.483955,74.011564,401
31.49278,74.026009,34
31.491791,74.015733,435
31.478099,74.027942,16
31.47711,74.017669,51
31.485933,74.032113,100
31.484945,74.021838,502
31.458549,74.056516,752
31.467366,74.07096,1338
31.466381,74.060688,234
31.452688,74.072882,1773
31.451703,74.062613,3997
31.460519,74.077057,720
31.459534,74.066786,418
31.448743,74.031806,317
31.457562,74.046245,34
31.456575,74.035976,50
31.442886,74.048173,1739
31.441899,74.037906,1389
31.450717,74.052344,200
31.44973,74.042075,268
31.48106,74.058763,334
31.489879,74.073212,954
31.488894,74.062937,2
31.475198,74.075135,669
31.474213,74.064862,853
31.48303,74.079311,17
31.482046,74.069036,551
31.471253,74.034045,218
31.480074,74.048489,134
31.479087,74.038215,16
31.465395,74.050417,51
31.464408,74.040146,1488
31.473227,74.054589,284
31.472241,74.044317,67
31.453609,74.005167,185
31.47612,74.007396,51
31.516287,74.038526,200
31.525111,74.05298,101
31.524124,74.0427,435
31.510425,74.054909,552
31.509438,74.04463,16
31.518261,74.059084,301
31.517274,74.048805,134
31.548622,74.065513,1037
31.557444,74.079978,519
31.556459,74.069692,886
31.542754,74.081901,669
31.54177,74.071617,1
31.550591,74.086082,100
31.549607,74.075797,285
31.547636,74.055228,33
31.546649,74.044944,2
31.532947,74.057157,67
31.531961,74.046875,418
31.540784,74.061334,351
31.539798,74.051051,184
31.51338,74.085745,786
31.522198,74.100204,234
31.521215,74.089924,3512
31.507513,74.102122,452
31.50653,74.091844,669
31.515346,74.106303,284
31.514364,74.096024,285
31.503576,74.061011,819
31.512396,74.075466,67
31.511411,74.065187,1
31.497712,74.077389,16
31.496727,74.067112,7
31.505546,74.081566,3
31.504562,74.071288,1
31.535902,74.088003,1204
31.544721,74.102469,117
31.543738,74.092185,2
31.530033,74.104386,284
31.52905,74.094105,67
31.537868,74.108569,920
31.536886,74.098286,50
31.526097,74.063261,686
31.534918,74.077721,1438
31.533933,74.067439,335
31.520231,74.079644,6
31.519246,74.069364,34
31.528066,74.083823,134
31.527082,74.073542,16
31.550533,74.007982,3
31.543683,74.014093,34
31.506473,74.013797,251
31.515299,74.028246,335
31.51431,74.017968,1170
31.500615,74.03018,552
31.499626,74.019903,452
31.508451,74.034352,100
31.507462,74.024074,134
31.490801,74.005458,116
31.498637,74.009627,703
31.528996,74.016031,167
31.536834,74.020203,17
31.523136,74.032419,451
31.522147,74.022139,251
31.530973,74.036593,820
31.529985,74.026312,33
31.528006,74.00575,1756
31.51332,74.007689,235
31.521158,74.011859,17
31.418336,74.337134,8280
31.427117,74.351603,12432
31.426154,74.341337,13262
31.412443,74.353462,13361
31.41148,74.343197,5520
31.420261,74.357665,14092
31.419298,74.3474,7230
31.408588,74.312405,562
31.417372,74.326869,15827
31.416407,74.316604,2076
31.410517,74.332933,4298
31.409553,74.322669,1148
31.405587,74.359522,15436
31.414365,74.373991,8354
31.413404,74.363726,14532
31.407508,74.380049,1294
31.406548,74.369785,14313
31.411572,74.265282,15216
31.420362,74.279741,14899
31.419393,74.269476,17391
31.405689,74.281615,7327
31.413509,74.28581,8011
31.412541,74.275546,11113
31.410603,74.255018,11040
31.409632,74.244755,12194
31.407622,74.302142,5374
31.406656,74.291878,3004
31.482046,74.225059,2631
31.490846,74.239528,12359
31.489874,74.229252,3708
31.476163,74.241414,11535
31.475192,74.23114,12359
31.48399,74.245609,5356
31.483019,74.235334,12771
31.514329,74.252119,7289
31.523128,74.266599,19553
31.522158,74.256317,11155
31.508441,74.268479,23324
31.507471,74.2582,21074
31.516269,74.272679,19236
31.515299,74.262399,22152
31.504558,74.227364,32
31.513358,74.241839,158
31.512387,74.231559,1
31.498673,74.243724,14863
31.497702,74.233447,3232
31.506501,74.247921,10743
31.50553,74.237642,5958
31.479073,74.272236,11567
31.487867,74.286711,8719
31.486899,74.276435,9404
31.473185,74.288585,20741
31.472217,74.278312,21454
31.481009,74.292786,16120
31.480042,74.282511,14406
31.469309,74.247492,13120
31.478104,74.261962,11218
31.477134,74.251688,11979
31.463424,74.263842,9571
31.462454,74.25357,17873
31.471248,74.268038,23958
31.470279,74.257765,18951
31.501583,74.274557,21454
31.510378,74.289037,14781
31.50941,74.278758,22975
31.495692,74.290912,2272
31.494725,74.280635,5555
31.503518,74.295114,3273
31.502551,74.284835,11747
31.491817,74.249805,16163
31.500614,74.264279,22848
31.499644,74.254002,17430
31.48593,74.266159,19046
31.48496,74.255884,16352
31.493756,74.270358,22405
31.492787,74.260081,24751
31.543619,74.326423,14728
31.552411,74.340919,8963
31.551447,74.330632,5349
31.53772,74.342783,8671
31.536756,74.332499,11650
31.545547,74.346993,5887
31.544583,74.336708,4445
31.575896,74.353556,11895
31.584687,74.368061,20687
31.583725,74.35777,17073
31.569991,74.36992,12065
31.56903,74.359631,9257
31.577819,74.374136,18758
31.576858,74.363846,14069
31.56614,74.328765,12896
31.574933,74.343266,10966
31.573969,74.332976,13361
31.560239,74.34513,12676
31.559275,74.334843,11919
31.568067,74.349342,9086
31.567104,74.339054,12212
31.540606,74.373635,15290
31.549392,74.388136,14557
31.548432,74.37785,15973
31.534701,74.389989,7987
31.533741,74.379705,13165
31.542526,74.394205,5373
31.541566,74.38392,12383
31.530856,74.348856,7230
31.539644,74.363351,10356
31.538682,74.353067,6350
31.524955,74.36521,14899
31.523993,74.354928,14411
31.53278,74.369422,11479
31.531819,74.359139,9306
31.563125,74.375993,12871
31.571912,74.390499,16927
31.570952,74.380209,17097
31.557218,74.392352,11650
31.556258,74.382065,12652
31.565044,74.39657,13629
31.564085,74.386282,14923
31.553374,74.351205,9355
31.562163,74.365705,10063
31.561202,74.355418,7937
31.547471,74.367564,11749
31.546509,74.357279,12774
31.555297,74.371778,9794
31.554336,74.361491,7229
31.536847,74.254434,15655
31.545646,74.268919,23198
31.544677,74.258635,16447
31.530957,74.2708,22722
31.529987,74.260517,18666
31.538786,74.275001,23356
31.537817,74.264718,16986
31.569138,74.28153,21961
31.577937,74.296026,25923
31.576969,74.285736,22437
31.563243,74.297901,21869
31.562275,74.287613,24528
31.571073,74.302108,20441
31.570106,74.291819,23926
31.559368,74.256751,539
31.568169,74.271242,8429
31.5672,74.260953,1
31.553477,74.273122,21391
31.552507,74.262836,19331
31.561307,74.277326,24402
31.560338,74.267038,9317
31.53386,74.301648,16950
31.542654,74.316139,14460
31.541688,74.305854,16572
31.527964,74.318008,15485
31.526999,74.307726,19198
31.535791,74.322215,12139
31.534826,74.311932,16389
31.524097,74.27688,21519
31.532893,74.291365,21220
31.531925,74.281082,24592
31.518205,74.29324,15656
31.517237,74.282959,19186
31.526032,74.297444,19441
31.525065,74.287162,18309
31.55638,74.303981,12194
31.565175,74.318477,15265
31.564209,74.308189,15199
31.550482,74.320346,15998
31.549517,74.310061,8280
31.558311,74.324555,12334
31.557346,74.314268,14582
31.546615,74.279204,24686
31.555413,74.293695,21360
31.554445,74.283408,21930
31.540721,74.29557,24102
31.539754,74.285285,25415
31.54855,74.299775,17104
31.547583,74.28949,23736
31.440831,74.339476,12017
31.449614,74.35395,11699
31.448651,74.34368,14019
31.434936,74.355808,16756
31.433974,74.34554,15045
31.442755,74.360013,10991
31.441793,74.349744,13751
31.473076,74.366571,14362
31.481858,74.381056,14410
31.480898,74.370781,9525
31.467176,74.382909,15095
31.466216,74.372636,15729
31.474997,74.38712,14655
31.474037,74.376846,16755
31.46333,74.341818,13824
31.472115,74.356298,10869
31.471152,74.346024,11773
31.457434,74.358156,11381
31.456472,74.347885,13141
31.465255,74.362363,14239
31.464293,74.352091,12896
31.437818,74.386613,6326
31.446595,74.401092,14459
31.445636,74.390822,13678
31.431918,74.402939,269
31.430959,74.392672,73
31.439735,74.40715,11406
31.438777,74.396881,10405
31.428079,74.36187,16047
31.436858,74.376344,8719
31.435898,74.366076,17342
31.422182,74.378197,5544
31.421222,74.367931,12774
31.43,74.382404,1856
31.42904,74.372137,13654
31.460316,74.388971,13848
31.469094,74.403456,16218
31.468135,74.393182,14068
31.454414,74.405303,15217
31.453455,74.395032,13800
31.462233,74.409516,17805
31.461274,74.399243,17048
31.450575,74.36422,10405
31.459356,74.378699,7987
31.458395,74.368428,11675
31.444677,74.380552,7816
31.443717,74.370283,9232
31.452496,74.384761,9794
31.451536,74.374491,9404
31.434068,74.267599,19011
31.442859,74.282063,20610
31.441891,74.271794,16606
31.428183,74.283937,18902
31.427215,74.273671,18121
31.436004,74.288134,15485
31.435037,74.277866,16924
31.466328,74.294659,18565
31.475118,74.309133,14361
31.474152,74.298859,17952
31.460437,74.311002,12090
31.459471,74.30073,16267
31.46826,74.315204,14679
31.467294,74.304931,14264
31.456568,74.269917,21930
31.465361,74.284386,20440
31.464393,74.274114,21993
31.450682,74.28626,20294
31.449714,74.27599,21930
31.458505,74.290459,17317
31.457537,74.280188,21169
31.431082,74.314738,7351
31.439867,74.329207,4153
31.438903,74.318938,12529
31.425191,74.33107,8060
31.424227,74.320804,1417
31.433011,74.335272,11699
31.432047,74.325005,9184
31.421329,74.290007,17610
31.430116,74.304471,14215
31.42915,74.294204,20150
31.415442,74.306339,2858
31.414476,74.296075,4005
31.423262,74.310538,318
31.422296,74.300272,17805
31.45358,74.317072,14435
31.462367,74.331546,13507
31.461402,74.321274,11528
31.447688,74.33341,6473
31.446724,74.32314,8670
31.455509,74.337613,6986
31.454545,74.327342,8695
31.443826,74.292332,19466
31.452615,74.306801,10649
31.451649,74.296531,14366
31.437937,74.30867,14850
31.436971,74.298402,14337
31.445759,74.31287,13409
31.444793,74.302601,15705
31.495581,74.368925,15167
31.504365,74.383414,12921
31.503405,74.373135,12359
31.48968,74.385267,14850
31.48872,74.374991,11845
31.497502,74.38948,10698
31.496542,74.379202,10307
31.527835,74.396057,7401
31.536618,74.410557,12872
31.53566,74.400273,2418
31.521928,74.412405,7010
31.52097,74.402123,97
31.529752,74.416622,18612
31.528794,74.406339,2247
31.518091,74.371279,11064
31.526876,74.385774,10918
31.525916,74.375492,13677
31.512188,74.387627,11675
31.511228,74.377347,12750
31.520011,74.391842,8670
31.519052,74.38156,12091
31.492555,74.416098,15021
31.501333,74.430593,6570
31.500376,74.420314,12725
31.486648,74.432435,5715
31.485692,74.422159,13214
31.494468,74.436653,3248
31.493512,74.426375,14240
31.482818,74.391331,15436
31.491598,74.405821,12261
31.490639,74.395544,13702
31.476914,74.407669,16853
31.475956,74.397394,15363
31.484734,74.411883,12823
31.483776,74.401607,15143
31.515063,74.418469,415
31.523842,74.432969,13287
31.522886,74.422687,4079
31.509154,74.434811,13433
31.508198,74.424531,1734
31.516976,74.439031,13385
31.51602,74.42875,10087
31.505324,74.393693,8305
31.514105,74.408188,2515
31.513147,74.397908,5374
31.499419,74.410036,15827
31.498461,74.399758,6863
31.507241,74.414252,2540
31.506283,74.403972,1124
31.488834,74.296987,8768
31.497625,74.311467,4958
31.496659,74.301189,3444
31.482942,74.313336,12188
31.481976,74.303061,13775
31.490766,74.31754,15461
31.4898,74.307263,6326
31.521103,74.324083,10966
31.529893,74.338573,10136
31.528929,74.32829,13190
31.515205,74.340437,11699
31.514241,74.330157,9989
31.52303,74.344646,12213
31.522067,74.334364,7449
31.511345,74.299317,13018
31.520137,74.313802,13336
31.519171,74.303521,18001
31.505451,74.315671,10429
31.504485,74.305392,5105
31.513276,74.319877,9599
31.512311,74.309597,13042
31.485834,74.344162,9428
31.49462,74.358647,11699
31.493658,74.34837,9501
31.479936,74.360506,8109
31.478974,74.350231,4397
31.487759,74.364715,11675
31.486797,74.354438,7425
31.476083,74.319407,13799
31.484871,74.333887,10161
31.483907,74.323611,6424
31.470189,74.33575,13457
31.469225,74.325477,11968
31.478011,74.339956,9990
31.477048,74.329681,12359
31.508343,74.346508,12212
31.51713,74.360998,11382
31.516168,74.350718,17024
31.502443,74.362857,14532
31.501481,74.352578,14728
31.510267,74.367068,11968
31.509306,74.356788,13385
31.498591,74.321744,12627
31.50738,74.336229,7669
31.506416,74.32595,11504
31.492695,74.338093,10039
31.491731,74.327816,10893
31.500519,74.3423,10722
31.499555,74.332022,10014
31.413539,74.052026,335
31.422354,74.06646,267
31.421368,74.056196,1071
31.414525,74.06229,16
31.445842,74.078978,552
31.454656,74.093422,1907
31.453672,74.083152,368
31.43998,74.095339,432
31.438996,74.085071,820
31.447809,74.099515,1162
31.446826,74.089246,117
31.436042,74.05427,585
31.444858,74.068709,1087
31.443872,74.058441,870
31.430183,74.070632,134
31.429198,74.060366,1053
31.438012,74.074804,1740
31.437027,74.064537,1354
31.41846,74.103345,856
31.433133,74.10143,126
31.441943,74.115874,381
31.440962,74.105606,348
31.427269,74.117786,127
31.426287,74.10752,729
31.435096,74.121964,160
31.434115,74.111697,571
31.423338,74.076725,1338
31.432151,74.091164,1201
31.431167,74.080898,285
31.417477,74.093081,158
31.425305,74.097255,697
31.424322,74.08699,1109
31.475219,74.15314,84
31.484026,74.1676,84
31.468368,74.159229,217
31.477173,74.173687,32
31.476196,74.163414,50
31.507516,74.180164,578
31.508492,74.190443,830
31.497731,74.155421,569
31.506539,74.169885,301
31.505562,74.159607,1990
31.491855,74.171787,101
31.499685,74.175975,200
31.498708,74.165698,368
31.472272,74.200319,856
31.481074,74.214784,1426
31.466393,74.216675,7099
31.465419,74.206402,7130
31.474219,74.220866,9982
31.473246,74.210593,64
31.462494,74.175587,634
31.471297,74.190046,158
31.470321,74.179774,222
31.456618,74.191942,4690
31.455642,74.181672,42
31.464445,74.19613,4912
31.46347,74.185859,56
31.494782,74.202616,95
31.502611,74.206808,381
31.488901,74.218976,31
31.487928,74.208701,64
31.496729,74.22317,1141
31.47815,74.183961,238
31.46835,74.081232,182
31.477165,74.095681,402
31.476182,74.085408,184
31.462486,74.097598,7593
31.461503,74.087327,1605
31.470317,74.101776,6439
31.469334,74.091504,736
31.500662,74.108219,1990
31.509476,74.122679,218
31.508495,74.1124,853
31.494792,74.124591,635
31.493811,74.114315,820
31.502624,74.128774,1388
31.501644,74.118496,585
31.490863,74.083487,937
31.49968,74.097942,435
31.498696,74.087665,1605
31.484997,74.099859,653
31.484014,74.089585,468
31.492829,74.104039,351
31.491847,74.093763,67
31.465431,74.128413,33
31.47424,74.142867,84
31.47326,74.132594,351
31.459561,74.144773,535
31.458581,74.134503,101
31.46641,74.138684,117
31.455638,74.103692,3278
31.46445,74.118141,301
31.463468,74.10787,5737
31.449772,74.120053,2098
31.448791,74.109784,1276
31.457601,74.124232,83
31.45662,74.113962,1154
31.487941,74.130684,402
31.496752,74.145144,618
31.495773,74.134867,2509
31.48207,74.147051,1840
31.48109,74.136776,100
31.4899,74.151235,636
31.488921,74.14096,1187
31.478148,74.105955,953
31.486961,74.120409,1238
31.485979,74.110134,3278
31.47228,74.122321,1673
31.471299,74.112048,3746
31.48011,74.126502,3696
31.47913,74.116228,2325
31.413566,74.207888,4563
31.412592,74.197625,3233
31.406717,74.213965,5260
31.405743,74.203702,5293
31.40673,74.136046,8683
31.405751,74.125783,285
31.427265,74.195731,10490
31.436064,74.210185,14166
31.43509,74.199918,9253
31.421389,74.212076,3201
31.420416,74.201811,4437
31.429213,74.216264,8017
31.42824,74.205997,12518
31.45954,74.222755,10806
31.468337,74.237219,12011
31.467366,74.226947,9539
31.453658,74.239105,10046
31.452687,74.228834,9951
31.461483,74.243298,16288
31.460512,74.233026,11409
31.449766,74.198025,9887
31.458567,74.212484,11504
31.457593,74.202213,13754
31.443889,74.214374,10933
31.442915,74.204106,11504
31.451714,74.218564,17778
31.450741,74.208294,12676
31.424306,74.242872,9951
31.433099,74.257331,10539
31.432129,74.247064,8652
31.418424,74.259211,15729
31.417454,74.248946,10442
31.426246,74.263404,17366
31.425276,74.253138,10679
31.414539,74.218153,10267
31.423334,74.232607,14261
31.422362,74.222341,5578
31.408661,74.234491,14324
31.407689,74.224228,13056
31.416483,74.238681,11916
31.415512,74.228417,11155
31.446805,74.245181,7098
31.455599,74.259646,18508
31.454629,74.249375,13627
31.440922,74.261525,15216
31.439952,74.251257,6157
31.448745,74.265721,18444
31.447775,74.255451,13500
31.437037,74.220453,7003
31.445834,74.234912,3645
31.444862,74.224643,4658
31.431158,74.236797,9571
31.430186,74.22653,5039
31.438981,74.240989,6021
31.43801,74.230721,3803
31.420422,74.123874,1
31.414556,74.140224,2566
31.413576,74.12996,222
31.422382,74.144404,222
31.421402,74.134139,63
31.454666,74.171401,190
31.442924,74.126142,319
31.451732,74.140592,100
31.450753,74.130322,1
31.417489,74.171016,9317
31.42629,74.185465,9159
31.425314,74.1752,14831
31.411617,74.187361,13342
31.410641,74.177097,14007
31.419441,74.191546,11630
31.418466,74.181281,10553
31.407709,74.146308,12042
31.416512,74.160752,5705
31.415534,74.150488,919
31.409665,74.166834,12550
31.408688,74.156571,9285
31.439989,74.173301,3961
31.448791,74.187755,1363
31.447816,74.177486,3
31.434115,74.189651,8620
31.43314,74.179384,15148
31.441941,74.193837,8081
31.440965,74.183569,15116
31.430208,74.148584,222
31.439012,74.163033,190
31.424338,74.164934,10268
31.42336,74.154669,1553
31.432163,74.169117,9317
31.431186,74.15885,285
