name,layer,lat,lon,weight
Main Market Gulberg,mall,31.5242296,74.34610649999999,1.0
Goldcrest Mall and Apartments,mall,31.466604099999994,74.3817396,1.0
Fortress Stadium Lahore,mall,31.5317842,74.3660636,1.0
Mall of Lahore,mall,31.529387599999986,74.3784367,1.0
Panorama Shopping Centre,mall,31.562009800000002,74.32119759999999,1.0
Pace Shopping Mall,mall,31.515342300000004,74.3424113,1.0
Hafeez Centre,mall,31.516093500000004,74.34289809999999,1.0
Gulberg Centre,mall,31.520896599999997,74.3468738,1.0
Big City Tower,mall,31.510360100000003,74.3396179,1.0
IT Tower,mall,31.515873800000012,74.3410771,1.0
Hasan Centre,mall,31.5155307,74.3419797,1.0
Fazal Centre,mall,31.51570050000001,74.34169099999998,1.0
Centre Point Plaza,mall,31.507130500000002,74.3360644,1.0
Emporium Mall,mall,31.467188999999994,74.2659803,1.0
Sachyari Shopping Center,mall,31.6274913,74.2874966,1.0
K B Shopping Center,mall,31.626220799999995,74.2883461,1.0
Packages Mall,mall,31.471183099999994,74.35602639999999,1.0
Al Hafeez,mall,31.510164400000004,74.3521354,1.0
Ali Towers,mall,31.511152300000006,74.3509123,1.0
Divine One,mall,31.485267400000005,74.4095218,1.0
Waqar Heights Shopping Mall,mall,31.486714499999994,74.4107456,1.0
Zaka Mall,mall,31.5143216,74.3511215,1.0
Pearl One,mall,31.515348300000007,74.35195299999998,1.0
Pace Shopping Mall,mall,31.5158879,74.35202539999999,1.0
Blue Mall,mall,31.518802300000008,74.3515936,1.0
Tenth Avenue Mall,mall,31.5190264,74.3521246,1.0
Primark Shopping Mall,mall,31.5217505,74.3507433,1.0
Fortress Square Mall,mall,31.532358200000004,74.3631271,1.0
Xinhua Mall,mall,31.5074413,74.35401000000002,1.0
Al Fatah Exclusive Mall,mall,31.5070382,74.3529385,1.0
Defence Shopping Mall,mall,31.4879676,74.3801308,1.0
Auriga,mall,31.52444240000001,74.34763849999999,1.0
Liberty Plaza,mall,31.50980819999999,74.3465906,1.0
H MALL,mall,31.56527000000001,74.3809469,1.0
Unnamed mall,mall,31.562162753228904,74.32149218433372,1.0
Pace Mall,mall,31.515327223961087,74.34252329492575,1.0
Asif Computers,mall,31.51585940768134,74.34102736188666,1.0
Unnamed mall,mall,31.50716849424228,74.33606649263609,1.0
Galleria,mall,31.531805487911754,74.35142101809059,1.0
Mall 1,mall,31.518598925432098,74.34588483539454,1.0
Usman SHopping Mall,mall,31.493290500031744,74.42157729999752,1.0
Divine One,mall,31.48521595926412,74.40955266242372,1.0
Amanah Mall,mall,31.467024932903694,74.31579141447294,1.0
Gold Crest Shopping Mall and Residency,mall,31.466540220698025,74.38194694598377,1.0
Emporium Mall,mall,31.467052447969415,74.26592457541216,1.0
Aashiana Shopping Centre,mall,31.51256450568009,74.3426232226577,1.0
Haly Tower DHA,mall,31.475424342687287,74.40148528632938,1.0
Imperial Mall,mall,31.52522394103097,74.45276914753825,1.0
Grand,mall,31.328103471299997,74.3819866951514,1.0
Makki Complex,mall,31.451744716507278,74.35237760738976,1.0
Mall 94,mall,31.518512438238776,74.34626046548466,1.0
Wilson's Specialty Mall,mall,31.521445193399746,74.34745309494555,1.0
Imperial Mall Paragon CIty,mall,31.525208218542502,74.45301582795358,1.0
City Mall,mall,31.523513877270233,74.34854082765683,1.0
ZAKA Mall,mall,31.52212464018644,74.35032851232502,1.0
Tenth Avenue Mall,mall,31.51902031058224,74.35218382514601,1.0
Pace Shopping Mall,mall,31.515927523107006,74.35222681816988,1.0
Supa.pk,mall,31.471089124590897,74.37254726197294,1.0
New Auriga Shopping Mall,mall,31.524882888522722,74.34784356562864,1.0
Lucky Centre Jail Road,mall,31.548159238053252,74.31594805590487,1.0
Avenue Mall,mall,31.485331051760138,74.40853619881027,1.0
Askari Mall,mall,31.45271867512853,74.43710266906987,1.0
Unnamed mall,mall,31.44810849143522,74.43378665935461,1.0
Unnamed mall,mall,31.44203962149845,74.42977466727513,1.0
Unnamed mall,mall,31.441883833887605,74.43030877442187,1.0
Dolmen Mall,mall,31.466990568886576,74.43589286130066,1.0
Marvel Hotel,hotel,31.473922299999995,74.3566633,0.9
رویاٹ لگژری ہوٹل,hotel,31.514295099999995,74.3489994,0.9
Hotel Royal Lahore,hotel,31.472706300000002,74.2587096,0.9
Unnamed hotel,hotel,31.564170400000002,74.29558719999999,0.9
City Hotel,hotel,31.52038790000001,74.3248108,0.9
City Hotel,hotel,31.5205231,74.32484739999998,0.9
Empire Marqee,hotel,31.459266899999996,74.2855187,0.9
Savoey Hotel,hotel,31.503027100000008,74.3569873,0.9
Lawrence view Hotel,hotel,31.5488271,74.32869839999998,0.9
Hotel One,hotel,31.574355299999997,74.3088403,0.9
Johar town,hotel,31.4693234,74.2511194,0.9
Shifa Hotel,hotel,31.569341700000003,74.3285979,0.9
sunset,hotel,31.5662382,74.3092015,0.9
Shanghala Hotel,hotel,31.486418799999985,74.4113848,0.9
Al Munawar Hotel,hotel,31.57653729999999,74.3335823,0.9
Continental 15$,hotel,31.448550799999996,74.268375,0.9
Diomand Marriage Hall,hotel,31.561389499999994,74.2921993,0.9
Al-Rehman Hotel,hotel,31.6859271,74.275902,0.9
Sunview Hotel,hotel,31.68067660000001,74.2774847,0.9
Hotel Paradise Inn,hotel,31.6161626,74.2777033,0.9
Naeem Hotel,hotel,31.601389199999993,74.29966079999998,0.9
Ahmad Hotel,hotel,31.600098999999997,74.2972259,0.9
Data Hotel,hotel,31.579964399999998,74.30593839999999,0.9
Khyber Hotel/Afridi Younas,hotel,31.579860699999998,74.32636409999999,0.9
Ghareeb Nawaz Hotel,hotel,31.483076799999996,74.3297779,0.9
Lotus Hotel and Cafe Zain,hotel,31.485689899999997,74.30566099999999,0.9
Chancery,hotel,31.50913079999999,74.3491662,0.9
Hotel Tulip Inn,hotel,31.517618799999997,74.3531573,0.9
Crown Hotel,hotel,31.551054899999997,74.3572306,0.9
Hotel One,hotel,31.507432200000007,74.3545276,0.9
The Nishat Hotel,hotel,31.50686049999999,74.35596799999999,0.9
The Residency Hotel,hotel,31.5395636,74.350655,0.9
Amer Hotel,hotel,31.5652263,74.3043567,0.9
Heaven Hotel,hotel,31.486942900000003,74.3815819,0.9
Herfa Inn Hotel,hotel,31.5453012,74.3314935,0.9
Sunfort Hotel,hotel,31.5120844,74.34354499999999,0.9
Best Western,hotel,31.511874,74.343832,0.9
Parkway Hotel,hotel,31.576052200000003,74.3338712,0.9
Kamran Hotel,hotel,31.57630139999999,74.3339983,0.9
Metro Hotel,hotel,31.5765985,74.3340278,0.9
Clifton Hotel,hotel,31.575539500000005,74.3338437,0.9
Al Imran Hotel,hotel,31.57576669999999,74.3340305,0.9
Hotel Night Stay,hotel,31.575688999999997,74.334532,0.9
Smart Hotel,hotel,31.509976099999992,74.34296809999998,0.9
Best Western Hotel,hotel,31.5615014,74.31473519999999,0.9
Quick continental Hotel,hotel,31.542017499999993,74.3182365,0.9
Hotel Pak Heritage,hotel,31.558572900000005,74.3386768,0.9
Lahore Continental Hotel,hotel,31.501469399999998,74.36380989999999,0.9
Hotel Corporate Inn,hotel,31.498537300000002,74.3263396,0.9
Grand Enclave Hotel,hotel,31.4964493,74.4187618,0.9
Metro Crown Hotel,hotel,31.499352099999992,74.4212805,0.9
Luxury Inn,hotel,31.499406899999993,74.4211356,0.9
Hotel Greenfields,hotel,31.499322299999985,74.4214816,0.9
Hotel Falettis,hotel,31.561251299999988,74.3280073,0.9
Safari Hotel Township,hotel,31.4659167,74.3106494,0.9
ریجنسی ان ہوٹل,hotel,31.530237800000002,74.3566111,0.9
Hotel Sanai,hotel,31.566884499999997,74.3256954,0.9
Hotel Anarkali Inn,hotel,31.565981999999998,74.3071207,0.9
Park Lane Hotel,hotel,31.5035772,74.3494238,0.9
Safari Hotel,hotel,31.511715099999996,74.3548431,0.9
Safari Hotel,hotel,31.540749100000006,74.35620109999999,0.9
Safari Hotel Jail Road,hotel,31.535942299999995,74.33985959999998,0.9
Safari Hotel Johar Town,hotel,31.466773600000003,74.2521329,0.9
Lion Hotel Lahore,hotel,31.5167341,74.3311358,0.9
New Pakeeza Hotel,hotel,31.468507200000005,74.297792,0.9
Hotel 12J,hotel,31.502609199999995,74.349767,0.9
Royal Elegance,hotel,31.537555899999997,74.3484431,0.9
Panoramic Hotel Lahore,hotel,31.561821699999992,74.32175979999998,0.9
Maisonette Hotel Liberty,hotel,31.509158200000005,74.3459147,0.9
Hotel 7 Days,hotel,31.518982299999994,74.3463812,0.9
Gulberg View Hotel,hotel,31.523505900000004,74.3459822,0.9
گرین فورٹ ہوٹل,hotel,31.5193855,74.355324,0.9
Royal Fort Marquees by Mughal-e-Azam,hotel,31.459411900000003,74.2869844,0.9
Nadia catering marquees,hotel,31.4236727,74.230259,0.9
Al Safina,hotel,31.56562219999999,74.3272441,0.9
Cinnamon Marriage Castle,hotel,31.666733199999985,74.28108339999999,0.9
Khalifa Baloch Sajji,hotel,31.5670011,74.3412885,0.9
Saffron D'or Hotel,hotel,31.54902000000001,74.3286542,0.9
Hotel Marcopolo,hotel,31.565499599999995,74.32934050000001,0.9
Grand Hotel,hotel,31.5747274,74.3332811,0.9
Royal Hotel,hotel,31.5771207,74.3339728,0.9
Karachi Hotel,hotel,31.577193499999996,74.33392890000002,0.9
Nasheman Hotel,hotel,31.577171199999995,74.3341283,0.9
Ali Umar Hotel & Restaurant,hotel,31.5773224,74.3341146,0.9
Pakistan Hotel,hotel,31.577067,74.33391129999998,0.9
Unnamed hotel,hotel,31.509907699999992,74.33862179999998,0.9
City View Hotel,hotel,31.5258424,74.34778829999999,0.9
King's Palace Hotel,hotel,31.542872899999992,74.3139824,0.9
Park View Hotel,hotel,31.51263070000001,74.3552888,0.9
Green View Hotel,hotel,31.510588299999995,74.30666939999999,0.9
Hotel Rose One Lahore,hotel,31.480660200000006,74.299963,0.9
Family Ties,hotel,31.491470400000004,74.4165115,0.9
Best Western Premier Hotel Gulberg Lahore,hotel,31.503270600000004,74.3493724,0.9
Hotel Tourist Inn Lahore,hotel,31.564962900000005,74.3109149,0.9
The Rich Apartments and Hotel,hotel,31.465650500000006,74.25347609999999,0.9
Taj,hotel,31.533722799999996,74.2823825,0.9
Grand Enclave Hotel,hotel,31.503642520760398,74.40641944194466,0.9
Serina Hotel,hotel,31.54111249598803,74.4224638030786,0.9
Avari Hotel,hotel,31.55916130778797,74.32736612780036,0.9
Four Points by Sheraton,hotel,31.561554852152188,74.3298153695275,0.9
Pearl Continental Hotel,hotel,31.5522281933583,74.33805462291983,0.9
Unnamed hotel,hotel,31.496487250010034,74.41877369999897,0.9
"Grand Hotel, Lahore",hotel,31.49143603038264,74.4307938421411,0.9
Express Hotel Lahore,hotel,31.50143108632583,74.36151890112914,0.9
British Hotel,hotel,31.501390230498462,74.36273036650545,0.9
Unnamed hotel,hotel,31.50136466163986,74.36400371410863,0.9
Faletti's Hotel,hotel,31.561422068418594,74.32809428416495,0.9
Carlton Tower Hotel,hotel,31.569920900062503,74.33499730002691,0.9
Ambassador Hotel,hotel,31.561289233205187,74.33788621539331,0.9
Grand Millenium Hotel,hotel,31.56066711655515,74.33828949494054,0.9
Indus Hotel,hotel,31.56112642453976,74.32258669474727,0.9
DHA Palace Hotel,hotel,31.508340215605998,74.44290492292541,0.9
امین ہوٹل,hotel,31.529144236756455,74.37704213470845,0.9
Sadiq Hotel,hotel,31.612306200022097,74.33969199999737,0.9
Al-Hafiz Hotel,hotel,31.457569550033252,74.35059465000107,0.9
Marvel Hotel,hotel,31.473925297649448,74.35663601985038,0.9
12th Avenue,hotel,31.469560619006273,74.23782178360285,0.9
Hotel Tulip Inn,hotel,31.517642060332935,74.35303358245356,0.9
Luxury Inn,hotel,31.499459910028847,74.4211669760975,0.9
Heritage Luxury Suites,hotel,31.509281440742935,74.34812456102364,0.9
Unnamed hotel,hotel,31.49699260278031,74.40669060520077,0.9
Luxus Grand Hotel,hotel,31.56194541487109,74.33025078727488,0.9
Ramada Hotel and Suites,hotel,31.56295352091746,74.32803411409297,0.9
National Hotel,hotel,31.56697758714637,74.32633524568004,0.9
Lahore Hotel,hotel,31.570042965013606,74.32881233290782,0.9
Shobra Hotel,hotel,31.571657576215166,74.33360876614225,0.9
Madni Traders,beauty_salon,31.578361299999997,74.31866139999998,0.85
Newlook Beauty Clinic and Spa,beauty_salon,31.511307799999997,74.35107859999998,0.85
Le Reve,beauty_salon,31.516653,74.3535596,0.85
Mariams,beauty_salon,31.516502099999993,74.3529803,0.85
Unnamed beauty_salon,beauty_salon,31.5297048,74.3162956,0.85
Mediha's,beauty_salon,31.527916899999994,74.3480976,0.85
Bismillah Cosmetics,beauty_salon,31.5787109,74.3184615,0.85
Revive Beauty Salon & Institute,beauty_salon,31.4620541,74.4137353,0.85
Melee,beauty_salon,31.485669132017897,74.3767605701229,0.85
Anam Beauty Bar,beauty_salon,31.484827685677633,74.39146020458473,0.85
Milano Salon for Men,beauty_salon,31.53701368970681,74.41143352454544,0.85
Khawar Riaz Bridal Salon,beauty_salon,31.537815850019392,74.4169893499982,0.85
Unnamed hairdresser,hairdresser,31.427943599999995,74.210386,0.7
Unnamed hairdresser,hairdresser,31.46952160000001,74.2981129,0.7
Unnamed hairdresser,hairdresser,31.4855079,74.3766887,0.7
Nawaz Hair Fashion,hairdresser,31.537816299999992,74.3056429,0.7
Dessange,hairdresser,31.507007399999996,74.3396633,0.7
Irfan Hair Dresser,hairdresser,31.5842929,74.31360189999998,0.7
Hair saloon,hairdresser,31.4713013,74.31098029999998,0.7
Nicky & Laila Beauty Salon,hairdresser,31.448096499999995,74.4337905,0.7
Legends Hair Salon,hairdresser,31.448266599999997,74.4338517,0.7
The Players Lounge,hairdresser,31.48481544865252,74.3916574697863,0.7
Masooma's Avant Garde SALON,hairdresser,31.48508392543585,74.39247702735784,0.7
NK Hair Saloon,hairdresser,31.473613165521403,74.40203348083477,0.7
"Gymnasium, Askari - 10",gym,31.535691799999995,74.41745739999999,0.8
Times Fitness,gym,31.483787400000004,74.40829209999998,0.8
fitness jungle,gym,31.4201209,74.2813617,0.8
Matrix Health & Fitness,gym,31.488681899999996,74.3253741,0.8
Momentum Fitness Lahore,gym,31.468156800000003,74.26479709999998,0.8
Convert,gym,31.4414564,74.44117939999998,0.8
Fitstreak,gym,31.317371399999995,74.2195451,0.8
Fitnation,gym,31.462691399999997,74.41633349999998,0.8
Sky Gym,gym,31.4812673,74.2747184,0.8
"Moves Gym, Main Airport Lahore",gym,31.49740197698089,74.42024081984724,0.8
Fitness Club DHA,gym,31.464252900013506,74.38606530000439,0.8
Ranai Wellness Club,gym,31.484386524096866,74.39316540427517,0.8
My Fitness Clinic,gym,31.46421296302036,74.38592110464445,0.8
Flex Gym,gym,31.495462165639047,74.40239179608542,0.8
Askari Gym,gym,31.53579155000986,74.41755734999933,0.8
Coca-Cola Aquatic Center,gym,31.468811234559286,74.4111741824615,0.8
Iron Box Gym,gym,31.452935467574616,74.43721616029664,0.8
Unnamed gym,gym,31.527191803563632,74.42118537565185,0.8
DHA Medical Center Phase III,hospital,31.476734200000003,74.37149839999998,0.75
Unnamed hospital,hospital,31.485592300000008,74.39469029999998,0.75
PU Health Center,hospital,31.502478999999994,74.3116217,0.75
متحده مسیحي روغتون.,hospital,31.508681699999997,74.340491,0.75
Social Security Hospital,hospital,31.4967802,74.263181,0.75
Saadan Hospital,hospital,31.46985099999999,74.2992722,0.75
Dr Muhammad Arsalan Butt - Iqra Medical Complex Johar Town,hospital,31.46789479999999,74.3055729,0.75
Combined Military Hospital,hospital,31.540665500000003,74.3725825,0.75
Zarrar Shaheed Trust hospital,hospital,31.532440199999993,74.437641,0.75
Zahid Health Home,hospital,31.56243239999999,74.4330102,0.75
حمزه روغتون,hospital,31.54082819999999,74.3138838,0.75
Akhtar Saeed Trust Teaching Hospital,hospital,31.444529100000004,74.2127518,0.75
Fauji Foundation Hospital,hospital,31.500103999999997,74.3949245,0.75
Ittefaq Hospital,hospital,31.47566539999999,74.3375093,0.75
Naseer Hospital,hospital,31.506439899999997,74.31502739999999,0.75
"Basical Health Unit, Dograi Kalan, Lahore",hospital,31.592687299999994,74.4997202,0.75
"Basic Health Unit (BHU), Chappa, Lahore",hospital,31.566014900000003,74.5208351,0.75
Basic Health Unit Manhala,hospital,31.52586,74.54367969999998,0.75
Advanced Medical Centre,hospital,31.540731,74.3300801,0.75
سرجیکل یونٹ 1 HO کمرہ,hospital,31.555245299999992,74.321904,0.75
Hameed Latif ,hospital,31.5124792,74.3284708,0.75
ادریس پولی کلینیک,hospital,31.525876899999997,74.3204335,0.75
Naz Hospital,hospital,31.539465400000005,74.3197705,0.75
Abdul rahman home,hospital,31.46871999999999,74.28363419999998,0.75
Nobel Hospital,hospital,31.523778700000005,74.31763,0.75
Government Dispenser,hospital,31.566449599999995,74.3866789,0.75
Wilcare Clinic,hospital,31.484825,74.3060769,0.75
Unnamed hospital,hospital,31.473886199999995,74.2590607,0.75
Wapda Hospital,hospital,31.523823799999995,74.3228094,0.75
Alnoor Clinical Laboratory,hospital,31.534591999999993,74.3284011,0.75
Farooq Hospital,hospital,31.465389599999995,74.2357728,0.75
Rasheed Hospital,hospital,31.500375599999987,74.3192307,0.75
Haq Hospital,hospital,31.5618552,74.2964999,0.75
Haq Hospital,hospital,31.5616506,74.2993709,0.75
Dr Khalil's clinic,hospital,31.562956800000002,74.2866201,0.75
غني روغتون,hospital,31.5618699,74.3021605,0.75
Farouque Hospital,hospital,31.512653400000005,74.2997368,0.75
Suraya Azeem Hospital,hospital,31.553446399999995,74.30575029999999,0.75
moon medical store,hospital,31.622086499999998,74.2816312,0.75
Ali Hospital,hospital,31.62434120000001,74.2802945,0.75
الشاد طبي مرکز,hospital,31.583385300000003,74.4036333,0.75
ڈاکٹر شہزاد انور، ماہر ایکیوپنچر اور درد کے انتظام کے مشیر,hospital,31.4378972,74.2880913,0.75
Dr. Nighat Tahira Consultant Acupuncturist,hospital,31.499935199999992,74.3190514,0.75
Hijama Medication & Cupping Therapy,hospital,31.4557535,74.3765571,0.75
Rahmatullah Eye Hospital,hospital,31.456829800000005,74.32062519999998,0.75
Good Hope Clinic,hospital,31.553328,74.3806539,0.75
ali hospital shalimar road,hospital,31.572683299999994,74.3811572,0.75
Al Ehsan Eye Hospital,hospital,31.567051600000003,74.3810717,0.75
Hearing Clinic,hospital,31.506366699999997,74.3503885,0.75
Hussain Memorial Hospital,hospital,31.536088,74.2906133,0.75
Fazal children & Gynaecologist clinic,hospital,31.574553200000004,74.425967,0.75
لطیف روغتون، جوهر ټاون,hospital,31.469522199999997,74.29830189999998,0.75
PKLI HOSPITAL,hospital,31.455699999999997,74.46218860000002,0.75
ڈاکٹر خواجہ احد ہسپتال,hospital,31.461721599999994,74.3099314,0.75
Amna Memorial Children Hospital,hospital,31.6416078,74.2859132,0.75
Bajwa Hospital,hospital,31.630334499999996,74.28748779999998,0.75
Secretariat Punjab Social Security Hospital,hospital,31.62466320000001,74.2886379,0.75
Govt. Maternity Hospital,hospital,31.6259547,74.29628319999999,0.75
بلال کیئر ہسپتال,hospital,31.61766650000001,74.25462680000001,0.75
Saira Meraj Hospital,hospital,31.612204,74.2617907,0.75
Alle Fatima Hospital,hospital,31.5963249,74.3003191,0.75
Zakariya Hospital,hospital,31.587544699999995,74.3058519,0.75
ڈاکٹر رفیع کلینکs,hospital,31.598562499999996,74.3159795,0.75
Dr.A.Q Khan Hospital,hospital,31.597812800000003,74.31050609999998,0.75
Al-Sami Clinic,hospital,31.597244200000002,74.3067106,0.75
Sarwat Anwer Medical Complex,hospital,31.494574099999994,74.3122363,0.75
Kalim Medical Center,hospital,31.4868873,74.30503229999998,0.75
ٹائمز ہسپتال,hospital,31.483730099999995,74.2993781,0.75
بخاری لیبز الرجی سنٹر,hospital,31.482242899999992,74.2979608,0.75
First Medical,hospital,31.477163900000004,74.3013996,0.75
احسان ممتا ز ہسپتال,hospital,31.474817500000004,74.3016359,0.75
Clapp Hospital,hospital,31.4728234,74.3028675,0.75
Al-Rehman Hospital,hospital,31.491195899999994,74.3373602,0.75
بلوچ اسپتال,hospital,31.551678399999993,74.362567,0.75
Family Hospital,hospital,31.561003000000007,74.31261939999999,0.75
بجوا روغتون,hospital,31.51814419999999,74.2859262,0.75
ایل آر بی ٹی آئی ہسپتال,hospital,31.476245300000002,74.244126,0.75
Mughal eye hospital,hospital,31.472038899999994,74.26105779999999,0.75
Naseem Bashir hospital,hospital,31.5837063,74.4026091,0.75
Al shifa medical centre,hospital,31.4652826,74.2137664,0.75
Dr Amir Homeopathic Clinic,hospital,31.493747100000004,74.41766999999999,0.75
Zhong Ba Hospital,hospital,31.4585742,74.27646769999998,0.75
Zia Hospital,hospital,31.4361716,74.35572,0.75
"Defence Skin, Laser & Cosmetology Clinic",hospital,31.484128200000004,74.40801399999998,0.75
Al-Khair Homeopathic Clinic & Medical Store,hospital,31.484853899999997,74.4088198,0.75
Farzana Clinic,hospital,31.4860574,74.4143682,0.75
Al Shafi Hospital,hospital,31.517205999999995,74.2933029,0.75
Ammar Medical Complex,hospital,31.535033099999993,74.3430323,0.75
Cavalry Hospital Lahore,hospital,31.501896500000004,74.3626328,0.75
Fatima Memorial Hospital,hospital,31.535619999999994,74.3279812,0.75
Salma Sarfraz Hospital,hospital,31.511714799999996,74.3058327,0.75
Ghulab Devi Chest Hospital,hospital,31.4825003,74.34221459999999,0.75
مید سېټي روغتون,hospital,31.537601299999988,74.3373639,0.75
Omar Hospital,hospital,31.537084700000005,74.3380559,0.75
O M C Hospital,hospital,31.5365909,74.33890889999999,0.75
Punjab Medical Center,hospital,31.5344082,74.34480969999998,0.75
Akram Complex Hospital,hospital,31.5334498,74.34365099999998,0.75
Hijaz Hospital Lahore,hospital,31.5153125,74.3456471,0.75
Hameed Latif Hospital,hospital,31.511866699999995,74.32756489999998,0.75
Medicare Hospital,hospital,31.5131929,74.3276328,0.75
Surgimed Hospital Lahore,hospital,31.538094399999995,74.3512745,0.75
Lahore Medical Complex,hospital,31.542194100000007,74.3314304,0.75
Diabetic's Institute of Pakistan,hospital,31.542482100000008,74.33297529999999,0.75
Race View Maternity Hospital,hospital,31.5422444,74.3336647,0.75
زینب میموریل ہسپتال,hospital,31.504123700000005,74.3295275,0.75
زاہدہ ویلفیئر ہسپتال,hospital,31.577160600000006,74.3808563,0.75
Arif Children Hospital,hospital,31.577768499999987,74.38139280000001,0.75
Shehnaz Hospital,hospital,31.5769504,74.38131229999999,0.75
Rasheed Hospital,hospital,31.4886992,74.38024329999999,0.75
Ghurki Hospital,hospital,31.5900053,74.5020634,0.75
CMH Lahore,hospital,31.5391648,74.3711747,0.75
Cardiology Department,hospital,31.497445799999994,74.26345,0.75
Khairun Nisa Hospital,hospital,31.4741883,74.306422,0.75
Prime Care Hospital,hospital,31.493736000000002,74.3754105,0.75
Lahore Psychiatric Hospital,hospital,31.5371209,74.2905023,0.75
Kazi Hospital,hospital,31.5585998,74.31742139999999,0.75
Ramzan Ali Syed Memorial Hospital,hospital,31.558298099999995,74.317223,0.75
Bismillah Hospital,hospital,31.556673699999987,74.3164425,0.75
TB Hospital,hospital,31.580793699999997,74.29970709999999,0.75
Chinese Heart & General Hospital (CHGH),hospital,31.548492600000007,74.31598139999998,0.75
Saira Memorial Hospital,hospital,31.481214600000005,74.312232,0.75
National Medical Centre,hospital,31.480911299999995,74.31079570000001,0.75
Avicenna Hospital,hospital,31.43376519999999,74.46768299999998,0.75
Cantonment General Hospital,hospital,31.546761300000007,74.38218579999999,0.75
Niazi Hospital,hospital,31.469327400000005,74.29939989999998,0.75
Hameed Latif Hospital Misri Shah Branch,hospital,31.5855462,74.3378224,0.75
Tariq Hospital,hospital,31.5854742,74.3361973,0.75
قومی ہسپتال اور میڈیکل سینٹر,hospital,31.5869836,74.3370342,0.75
جمیله فریدی روغتون,hospital,31.466616799999994,74.29421639999998,0.75
Khushnood Hospital,hospital,31.522858600000006,74.27594640000001,0.75
Liaqat Hospital,hospital,31.444176200000005,74.277819,0.75
Amanat Eye Hospital,hospital,31.518321299999993,74.3404069,0.75
Al Razi Healthcare,hospital,31.517970400000003,74.2925226,0.75
Bari Clinic & Hospital,hospital,31.5021767,74.3448274,0.75
IOM Health Assessment Centre,hospital,31.501405399999992,74.3425527,0.75
Hina Hospital,hospital,31.585321399999994,74.38745899999999,0.75
Madina Eye Hospital,hospital,31.588065900000007,74.40279689999998,0.75
Samanabad Hospital,hospital,31.5410158,74.3024188,0.75
Mian Muhammad Nawaz Sharif Hospital,hospital,31.584590899999995,74.3269866,0.75
Mussarat Razzaq Hospital,hospital,31.582119799999997,74.3767228,0.75
Hameeda Memorial Hospital,hospital,31.40820289999999,74.26026779999998,0.75
Singapore Medical Centre,hospital,31.51685760000001,74.2937325,0.75
Cavalry Hospital Lahore,hospital,31.5019344,74.3630703,0.75
Chughtais Lahore Lab,hospital,31.501822300000004,74.3631454,0.75
Shaukat Khanum Lab,hospital,31.501819999999995,74.3632983,0.75
Lahore Health Care,hospital,31.501818899999986,74.3634646,0.75
Geo Hospital,hospital,31.480019999999993,74.42295979999999,0.75
Fazal Cardiac Hospital,hospital,31.5087782,74.3458034,0.75
د پنجاب ذهني روغتیا انسټیټیوټ,hospital,31.535197200000002,74.3348009,0.75
Hospital Hudson Silva Lions Eye Hospital,hospital,31.522935400000005,74.34439899999998,0.75
Ayesha Hospital,hospital,31.494955599999994,74.3928245,0.75
Ali Hospital,hospital,31.571742199999996,74.38111230000001,0.75
پرل انٹرنیشنل ہسپتال,hospital,31.476463299999992,74.24416719999999,0.75
Chaudhry Rehmat Ali Memorial Hospital,hospital,31.449808199999996,74.30760339999999,0.75
Muhammadi Hospital,hospital,31.571090899999998,74.29811049999999,0.75
Gondal Hospital,hospital,31.50280829999999,74.26820729999999,0.75
Hussain Clinic,hospital,31.502451499999992,74.2679873,0.75
Al Noor Hospital,hospital,31.5038003,74.2653791,0.75
Ishaq Haroon Hospital,hospital,31.5537125,74.29814119999999,0.75
Roshaan Hospital,hospital,31.446739599999997,74.2693053,0.75
Defence National Hospital,hospital,31.554235699999996,74.357313,0.75
کلسوم سرجیکل ہسپتال,hospital,31.615592299999992,74.2724153,0.75
PrimeCare Medical Complex,hospital,31.614987,74.26956139999999,0.75
Rahim Hospital,hospital,31.56190559999999,74.30287179999999,0.75
Haq Orthopedic Hospital,hospital,31.561930700000005,74.3006778,0.75
شادمان جنرل ہسپتال,hospital,31.5337593,74.32843489999999,0.75
Amina Medical Complex,hospital,31.5353527,74.32861719999998,0.75
Ghaziabad Government Hospital Lahore,hospital,31.560742899999997,74.38940879999998,0.75
Wazir Hospital,hospital,31.442659200000012,74.2957946,0.75
Rasheed Hospital,hospital,31.5570942,74.3236314,0.75
Makhdoom Memorial Hospital,hospital,31.4556252,74.3659617,0.75
Lahore Speciality Hospital,hospital,31.4941177,74.31185319999999,0.75
Mother Care Center,hospital,31.5624332,74.3444831,0.75
ممتاز بختاور ہسپتال,hospital,31.494362499999998,74.2792822,0.75
PAF Hospital,hospital,31.518104,74.38542989999999,0.75
Ariba Gynae Clinic,hospital,31.551358299999997,74.3609663,0.75
Rashida Hospital,hospital,31.552167399999995,74.36243879999999,0.75
حمزہ میڈیکل کمپلیکس,hospital,31.552594799999994,74.36186479999999,0.75
Al Shifa Hospital,hospital,31.462027200000012,74.2448532,0.75
Mufaza Tul Hayat Hospital,hospital,31.424896199999996,74.3378297,0.75
Noor Hospital,hospital,31.424543899999996,74.35729829999998,0.75
Pakistan Society for Rehabilitation of The Disabled,hospital,31.528908899999994,74.32255399999998,0.75
Badar Medical Complex,hospital,31.559244000000003,74.3125849,0.75
City Hospital,hospital,31.586867400000003,74.346845,0.75
Faran Hospital,hospital,31.566729,74.2909238,0.75
Rabia Welfare Hospital,hospital,31.589899000000003,74.32873329999998,0.75
Mian Meer Welfair Hospital,hospital,31.5484343,74.35715909999999,0.75
Shaukat Khanum Laboratory,hospital,31.487507900000004,74.3808228,0.75
کېرنس رېلوې روغتون,hospital,31.569871899999995,74.3384901,0.75
Hafeez Eye Centre,hospital,31.472892899999998,74.2534801,0.75
Mian Medical Complex,hospital,31.535014099999994,74.3399776,0.75
Rana Laser Ent Centre,hospital,31.5364886,74.3390281,0.75
Al-Nasar,hospital,31.4748636,74.3030329,0.75
National Eye Centre,hospital,31.5615672,74.29976059999998,0.75
Dr. Zahid Hussain,hospital,31.503189600000002,74.3239239,0.75
Dr. Altaf Cheema,hospital,31.4993556,74.3203382,0.75
ډاکټر آصف رانا,hospital,31.510299399999997,74.3280872,0.75
Dr. Mehmood Ali Malik,hospital,31.5125979,74.3173865,0.75
Dental Experts Johar Town Lahore,hospital,31.471538199999998,74.2694031,0.75
"Dr. Sindhu Ear, Nose specialist",hospital,31.604307800000004,74.3425877,0.75
Malik Jalal Din Hospital,hospital,31.5788726,74.3140407,0.75
Al Mairah Dental and Cosmetics Clinic,hospital,31.499526300000003,74.3666831,0.75
Dr. Shahid Iqbal,hospital,31.4894273,74.26755619999999,0.75
Shazia Zahid Medical Centre,hospital,31.473733,74.2956775,0.75
Dr Sadaqat Balouch,hospital,31.548540799999994,74.3047584,0.75
Dr Sadaqat Balouch (Withdrawal Specialist),hospital,31.5485441,74.30473619999998,0.75
University of Lahore Teaching Hospital,hospital,31.402730099999996,74.2325973,0.75
qazi clinic,hospital,31.489007899999997,74.385904,0.75
Sakina hospital johar town,hospital,31.45196539999999,74.26783359999999,0.75
ٹی ایچ کیو ہسپتال,hospital,31.6579532,74.2825636,0.75
Zeerak Matab (Herbal & Hijama),hospital,31.471083099999987,74.2986453,0.75
The Dental Suite by Dr. Mujtaba Anwar,hospital,31.483547299999998,74.2991692,0.75
Asghar Hospital,hospital,31.53826159999999,74.30587569999999,0.75
Noor Clinic,hospital,31.442075699999993,74.2970778,0.75
Unnamed hospital,hospital,31.5003469,74.3618904,0.75
Bahria Nasheman Hospital,hospital,31.319747000000003,74.4023665,0.75
Unnamed hospital,hospital,31.5702434,74.37792069999999,0.75
ذیرک مطب ہربل اور حجامہ۔,hospital,31.442142099999998,74.4297974,0.75
GeroX®,hospital,31.454613099999996,74.266597,0.75
pimraCare Clinic by Dr.AliArshed,hospital,31.483895399999994,74.2842268,0.75
Tech Medical Centre,hospital,31.485589000000008,74.2820986,0.75
S and S Skincare,hospital,31.483396399999997,74.2799311,0.75
HMC Hospital,hospital,31.544627200000008,74.4197759,0.75
MedEast Hospital,hospital,31.531884899999998,74.4538145,0.75
Lahore General Hospital,hospital,31.455332404618666,74.35008175755692,0.75
مایو روغتون,hospital,31.571113368418317,74.31558665086247,0.75
Doctors Hospital,hospital,31.479513484523252,74.28016399906865,0.75
شالامار ہسپتال,hospital,31.575268512292883,74.37984037777983,0.75
سروسز ہسپتال,hospital,31.539106034368494,74.33360837428016,0.75
Shaukat Khanum Memorial Cancer Hospital & Research Center,hospital,31.448434412717365,74.27186590739939,0.75
Hassan Medical Center,hospital,31.488478950028096,74.37897885000167,0.75
Shaikh Zayed Medical Complex,hospital,31.509052723185317,74.30888719616117,0.75
سر گنگا رام ہسپتال,hospital,31.554285250608224,74.32176576464515,0.75
Unnamed hospital,hospital,31.588272393225544,74.30762466907771,0.75
Punjab Dental Hospital,hospital,31.586728291563823,74.30801066184127,0.75
Lady Aitchison Hospital,hospital,31.57389722363016,74.31551833779989,0.75
Laboratory,hospital,31.446977228346242,74.2713181972185,0.75
WAPDA Hospital,hospital,31.523797789113402,74.32274759370577,0.75
Masood Hospital,hospital,31.505293347555348,74.3304225452171,0.75
Unnamed hospital,hospital,31.504215001488735,74.32941201693434,0.75
یونائیٹڈ کرسچن ہسپتال,hospital,31.508408201318186,74.34109722806784,0.75
Children Hospital Lahore,hospital,31.479959262238214,74.34398130070016,0.75
Gulab Devi Memorial Hospital,hospital,31.48231922645006,74.34379541362424,0.75
Unnamed hospital,hospital,31.584579909380437,74.32723154309961,0.75
Noor Clinic,hospital,31.496455851390817,74.42598008237304,0.75
Farzana Clinic,hospital,31.486040650013596,74.41441554999915,0.75
Nazar Homeo Herbal clinic,hospital,31.485876950005263,74.41259834999936,0.75
Dr Khurshid Clinic,hospital,31.48269205702422,74.41972913512619,0.75
Jugnu Dar Ul Basarat,hospital,31.484283987664075,74.39367013252233,0.75
ساو آن طبي مرکز,hospital,31.463646126954295,74.38634199055119,0.75
داتا دربار ہسپتال,hospital,31.578018857846978,74.30174973521714,0.75
Infectious Diseases Hospital,hospital,31.580710392288676,74.29983493551782,0.75
سید مٹھا ہسپتال,hospital,31.584623286609258,74.3136285767717,0.75
Mozang Teaching Hospital,hospital,31.554821769833435,74.31521250105031,0.75
Unnamed hospital,hospital,31.55692495519423,74.32365184789069,0.75
Unnamed hospital,hospital,31.555674831960236,74.32192529087355,0.75
Mother And Child Health Clinic,hospital,31.538166622948285,74.4479076913688,0.75
Aadil Hospital,hospital,31.489121102435696,74.38020387640317,0.75
Bhatti Hospital,hospital,31.59453319962324,74.35433830977047,0.75
Government Nawaz Sharif Hospital,hospital,31.573864655210677,74.32963638850103,0.75
Safia Hanif Trust Hospital,hospital,31.546388056624277,74.38365359832808,0.75
کینٹونمنٹ بورڈ جنرل ہسپتال,hospital,31.546497943026417,74.38249537307537,0.75
Combined Military Hospital,hospital,31.541579889291857,74.37194446265464,0.75
Mian Munshi Hospital Lahore,hospital,31.576363238966863,74.28769239197166,0.75
الشوکات میڈیکل اینڈ کڈنی سینٹر,hospital,31.510155055880993,74.34893706461736,0.75
Jinnah Hospital Lahore,hospital,31.484605657965147,74.29721342281545,0.75
بشیر میموریل ٹرسٹ ہسپتال آنکھ,hospital,31.558120276987935,74.30869349798348,0.75
Al-Mansoor Pharmacy,hospital,31.505585947956927,74.2692119014831,0.75
THQ Manawan,hospital,31.591707825954092,74.45886783965737,0.75
Ghurki Hospital,hospital,31.589868520624844,74.50281284068966,0.75
Besic Health Unit Manhala,hospital,31.525903038808377,74.54389575153004,0.75
Pak Railway Academy,private_school,31.487514399999995,74.35933909999999,0.7
DPS Girls,private_school,31.4739484,74.4007125,0.7
DPS Sec Z Ph 3,private_school,31.4711759,74.3835941,0.7
Unnamed private_school,private_school,31.467169600000002,74.37075759999999,0.7
The Lhr ALMA,private_school,31.481464900000002,74.38662,0.7
Lhr Grammer,private_school,31.480923199999996,74.3909459,0.7
Boys College,private_school,31.491130499999997,74.384834,0.7
Girls Collage,private_school,31.462918299999995,74.39006769999999,0.7
Unnamed private_school,private_school,31.46312469999999,74.37480119999998,0.7
Unnamed private_school,private_school,31.50408759999999,74.3820277,0.7
Unnamed private_school,private_school,31.569304400000004,74.3740884,0.7
Beconhouse,private_school,31.479303899999998,74.36026319999999,0.7
Shofait Intl,private_school,31.4743722,74.27916379999999,0.7
Unnamed private_school,private_school,31.476576000000005,74.37625529999998,0.7
Unnamed private_school,private_school,31.475968200000008,74.374927,0.7
Junior Cadet School,private_school,31.429534500000003,74.2950525,0.7
Unnamed private_school,private_school,31.5129129,74.33736419999998,0.7
Unnamed private_school,private_school,31.5032098,74.2597746,0.7
Lacas,private_school,31.4713939,74.2814124,0.7
Unnamed private_school,private_school,31.4480732,74.2160241,0.7
Blessing Field School,private_school,31.4684546,74.3181592,0.7
ESNA FOUNDATION,private_school,31.5228645,74.33774629999999,0.7
Khalid Secondary School,private_school,31.488036799999993,74.3547964,0.7
Govt.Comprehensive Higher Secondary School,private_school,31.5845184,74.3549294,0.7
Fauji Foundation School,private_school,31.4989184,74.3957538,0.7
Divisional Public School (DPS),private_school,31.480830599999994,74.3275402,0.7
Saint Francis High School,private_school,31.5719221,74.3103828,0.7
Government High School for Girls,private_school,31.507542899999994,74.29851799999999,0.7
Government Junior Model School,private_school,31.5084256,74.29975719999999,0.7
Society Public School,private_school,31.5633279,74.38288,0.7
Unnamed private_school,private_school,31.563237699999995,74.3829279,0.7
Scope Centre,private_school,31.479515999999997,74.3076859,0.7
"The University of lahore, Raiwand Road Campus",private_school,31.462140899999998,74.24380809999998,0.7
Punjab University Centre for undergraduate studies,private_school,31.50215389999999,74.30583429999999,0.7
CMH Lahore Medical College,private_school,31.5386517,74.3707606,0.7
Beaconhouse school,private_school,31.476550200000005,74.37652979999999,0.7
Bridge accademy ,private_school,31.513509899999995,74.34503229999999,0.7
Ali Public School,private_school,31.5233495,74.31751029999998,0.7
Allied School - ZN Campus,private_school,31.523966999999992,74.3181677,0.7
LGS Paragon Campus,private_school,31.533445199999996,74.4525847,0.7
Kips College 30-A,private_school,31.47012339999999,74.3029275,0.7
Kips College 11-A,private_school,31.4675615,74.30641669999999,0.7
Al Qalam,private_school,31.563085500000003,74.3810512,0.7
Unnamed private_school,private_school,31.5649301,74.38794279999999,0.7
Punjab University Examination Halls,private_school,31.504943900000004,74.2939537,0.7
Islamia College Civil Lines LHR,private_school,31.573422799999992,74.3036652,0.7
Unnamed private_school,private_school,31.4969776,74.3036782,0.7
University Of Lahore Defence Road Campus,private_school,31.392415099999997,74.24310749999998,0.7
Pak public foundation school,private_school,31.559823500000004,74.2842001,0.7
Unnamed private_school,private_school,31.453062699999997,74.3151885,0.7
Unnamed private_school,private_school,31.570099100000004,74.3010008,0.7
"Institute of Railways, Griffin Ground, Mughalpura Lahore, Pakistan",private_school,31.563167200000002,74.3742618,0.7
Riphah International University,private_school,31.4485959,74.3155643,0.7
ISSAC,private_school,31.488318299999996,74.4217227,0.7
City District Government Girls High School (Managed by Lahore South East Rotary Club),private_school,31.435794599999994,74.3030527,0.7
St.Anthony's High School,private_school,31.559119400000004,74.3200421,0.7
Apwa School,private_school,31.54891989999999,74.3209863,0.7
Green Hall academy,private_school,31.5491597,74.3977969,0.7
Government Central Model High School Samanabad Lahore,private_school,31.533413999999997,74.302075,0.7
حارث کا گھر,private_school,31.436242999999994,74.2672016,0.7
Unnamed private_school,private_school,31.454577199999992,74.3993247,0.7
Corvit Lahore,private_school,31.514075,74.346275,0.7
Corvit Class Rooms,private_school,31.514840400000008,74.34739529999999,0.7
Punjab University College of Information Technology (PUCIT),private_school,31.478596599999996,74.26516949999998,0.7
"University of Sourh Asia , Raiwind Campus",private_school,31.4250952,74.23112809999999,0.7
Fazaia Intermediate College,private_school,31.518482800000005,74.3936913,0.7
Hajvery University Euro Campus,private_school,31.504258200000006,74.3582433,0.7
Unnamed private_school,private_school,31.5614789,74.3399888,0.7
Govt. High School for boys,private_school,31.5044955,74.275196,0.7
Govt. High School for girls,private_school,31.511684499999994,74.28455669999998,0.7
Worker Welfare School (Boys) Rana Town,private_school,31.680213,74.2768261,0.7
Government Boys High School,private_school,31.647124900000005,74.28389679999998,0.7
Hashmat School System,private_school,31.646558299999995,74.2828184,0.7
Govt. High School for boys,private_school,31.504495599999995,74.2751302,0.7
RPS. Muhafiz Town,private_school,31.451611099999997,74.2219253,0.7
Iqra Public School,private_school,31.452907999999987,74.21762629999999,0.7
"CDG Boys High School, Factory Area Shahdara",private_school,31.626028000000005,74.2889795,0.7
گورنمنٹ ہائی اسکول شاہدرہ,private_school,31.6226065,74.2925072,0.7
Muslim Ideal School,private_school,31.6260406,74.30476319999998,0.7
Bait-ur-Raffah Maktab Girls High School,private_school,31.613402799999985,74.2688567,0.7
The Oriel School,private_school,31.617402799999994,74.2807047,0.7
EFA School Naseem Campus,private_school,31.589600900000004,74.3040613,0.7
Farooqi Grammar School,private_school,31.587582799999996,74.3049209,0.7
Government Muslim Model School,private_school,31.57427470000001,74.3025874,0.7
Central Model School,private_school,31.5750055,74.30304279999999,0.7
Govt. Saleem Model High School,private_school,31.575455799999997,74.30695779999999,0.7
Al Karam High School,private_school,31.598992900000002,74.31704239999999,0.7
Govt Girls High School,private_school,31.596615700000005,74.3083603,0.7
Allied School Ravi Road Campus,private_school,31.596183699999994,74.30658750000002,0.7
Unnamed private_school,private_school,31.5931485,74.3074869,0.7
Government Model High School,private_school,31.486309,74.33021779999999,0.7
Govt. Junior Model School,private_school,31.483858399999992,74.3306726,0.7
DPS Boys Wing,private_school,31.480989600000004,74.32836929999999,0.7
DPS Girls Wing,private_school,31.480291899999994,74.3249929,0.7
Unnamed private_school,private_school,31.488638699999996,74.3227834,0.7
Beaconhouse School System Garden Town Campus,private_school,31.5056302,74.3293947,0.7
Allied School,private_school,31.504550000000002,74.329154,0.7
The City School,private_school,31.503840800000003,74.32907259999999,0.7
Unique High School,private_school,31.491713799999996,74.3096416,0.7
American Lycetuff School,private_school,31.487456699999996,74.30567209999998,0.7
The City School Model Town Junior,private_school,31.488042100000005,74.3060452,0.7
The Educators,private_school,31.485945100000002,74.3047677,0.7
Leads School System,private_school,31.483601300000004,74.2991286,0.7
American Lycetuff School,private_school,31.4723262,74.30213749999999,0.7
American Lyceum School System,private_school,31.465215299999993,74.3125044,0.7
The City School (Township Junior),private_school,31.462681199999995,74.3202922,0.7
Beaconhouse School System,private_school,31.460342800000003,74.32489680000002,0.7
The Right School,private_school,31.503576900000006,74.3322366,0.7
London School of Management & Technology,private_school,31.495528999999994,74.3356027,0.7
Dawn Model School,private_school,31.495931199999994,74.33542989999998,0.7
The Educators,private_school,31.4694252,74.3451168,0.7
skans abu bakar,private_school,31.5122971,74.3237318,0.7
Deen Schooling System,private_school,31.51645589999999,74.34825929999998,0.7
Unnamed private_school,private_school,31.5200864,74.2866889,0.7
American Lycetuff,private_school,31.518814799999998,74.2964914,0.7
American Lycetuff,private_school,31.5178888,74.2981463,0.7
Stars Academy,private_school,31.517754899999996,74.2904752,0.7
university of Education,private_school,31.4477802,74.29816249999999,0.7
Knowledge School,private_school,31.520534699999995,74.31466639999998,0.7
Cathedral School,private_school,31.563987199999993,74.31692419999999,0.7
Meridian's School System & Academy,private_school,31.484808299999997,74.4180534,0.7
St. Marys High School Gulberg,private_school,31.519469999999995,74.35352479999999,0.7
LGS Shalimar Branch,private_school,31.576618100000005,74.3813258,0.7
Convent of Jesus and Mary,private_school,31.561315399999998,74.34004489999998,0.7
Saint Anthony High School,private_school,31.480188000000005,74.30117889999998,0.7
Lahore Garission University,private_school,31.463778900000012,74.4431405,0.7
Host,private_school,31.5125266,74.3224881,0.7
حکومت وکٹوریہ گرلز ہائر سیکنڈری سکول,private_school,31.579374599999994,74.3113139,0.7
The Educators Al Rauf Campus,private_school,31.5313314,74.303295,0.7
Institute Of Quality And Technology Management,private_school,31.496503799999996,74.30078359999999,0.7
شہری ضلع اسکول,private_school,31.569543799999998,74.37411129999998,0.7
Al-Hadi Foundation School,private_school,31.586405400000007,74.40432189999999,0.7
The Readers School,private_school,31.5226451,74.28893279999998,0.7
NCBMS,private_school,31.5554728,74.34145449999998,0.7
Pak Model School,private_school,31.583795500000004,74.3434899,0.7
SKANS CA campus,private_school,31.4997588,74.3322323,0.7
Gov't Primary School Ahmedabad,private_school,31.483117899999993,74.2399246,0.7
GPS Tibba Pajian Raiwind Road,private_school,31.3086876,74.22634319999999,0.7
Naqsh School of Arts,private_school,31.58348609999999,74.30966679999999,0.7
TNS Beaconhouse Defence,private_school,31.463994099999997,74.39380250000002,0.7
Al Burhan,private_school,31.510618700000006,74.3527941,0.7
Al Burhan,private_school,31.509269999999987,74.3527512,0.7
Unnamed private_school,private_school,31.426743499999997,74.3863215,0.7
SKANS School of Accountancy ACCA Campus,private_school,31.495207600000004,74.3127024,0.7
American National School,private_school,31.5038266,74.35143599999999,0.7
"Leads School System, Formanites Campus",private_school,31.44322560000001,74.4084934,0.7
The Trust School,private_school,31.433665399999995,74.25561289999999,0.7
Inernational Grammar School,private_school,31.543977900000005,74.4214901,0.7
LACAS ALJT,private_school,31.4694972,74.2940988,0.7
Lecole Mondiale,private_school,31.46355899999999,74.2950748,0.7
Govt Primary School Manhala Kalan,private_school,31.532946700000004,74.54142259999999,0.7
Color's Up Montessori School,private_school,31.486155950022777,74.37739414999014,0.7
Mount Pleasant High School,private_school,31.487061919297577,74.37835166477447,0.7
Baeconhouse,private_school,31.53765826578565,74.42080072505036,0.7
Govt.Girl School,private_school,31.561233851167735,74.4333088080723,0.7
Govt. Boys School,private_school,31.562376815272746,74.43321086299034,0.7
Zahid Model High School,private_school,31.562251444474978,74.43313305553556,0.7
Allamgir School,private_school,31.55807985256187,74.43415679437523,0.7
Govt. Pirmary School,private_school,31.56064047882845,74.42570929151788,0.7
Unnamed private_school,private_school,31.499002583323573,74.39579619129738,0.7
Punjab School Education Department,private_school,31.565361850165985,74.30081144999949,0.7
Crescent Model Higher Secondary School (Boys Campus)1,private_school,31.53988847785331,74.32317113552216,0.7
Oriental College - Punjab University,private_school,31.57193276376601,74.31030598377572,0.7
گورنمنٹ پائلٹ سیکنڈری سکول برائے طلبہ,private_school,31.511939660805478,74.3021467748715,0.7
گورنمنٹ گریجویٹ کالج آف سائنس,private_school,31.509745255581006,74.29437502984707,0.7
حکومتی پرائمری اسکول,private_school,31.434858500905786,74.29329270226789,0.7
Siqarah Boys High School,private_school,31.43817436789961,74.28995021107124,0.7
Siqarah Girls High School,private_school,31.438898687047885,74.28887753098049,0.7
Lahore School of Economics,private_school,31.502503270494014,74.47457920160758,0.7
Unnamed private_school,private_school,31.492341093250126,74.24667732964802,0.7
Rosans Islamic School,private_school,31.532575445911096,74.45196018266901,0.7
City District Govt Boys High School,private_school,31.579000723090033,74.3000839887419,0.7
اسلامیہ ہائی سکول,private_school,31.581879272109973,74.30316511224096,0.7
MCL Boys High School QLS,private_school,31.59602053060314,74.30762476961117,0.7
GHS Watan Islamia,private_school,31.575348767344423,74.32637442722991,0.7
Government College of Technology,private_school,31.577482702480008,74.33286138266104,0.7
Goverment Central Model High School,private_school,31.576356959271404,74.30599761138318,0.7
Government High School - Said Mittha Bazar,private_school,31.58398029392731,74.31247559337385,0.7
Government High School Baghbanpura Lahore,private_school,31.584580765547546,74.37997001556316,0.7
Municipal Corporation Primary & High School For Boys & Girls,private_school,31.55265584847378,74.36747817409118,0.7
Lady Griffin High School,private_school,31.570434530675072,74.34191018430619,0.7
Government Degree College for Women,private_school,31.550974033791764,74.31781284913045,0.7
YWCA High School,private_school,31.556494206144745,74.32098057702726,0.7
Fatima Girls High School,private_school,31.560358544204604,74.3136657161565,0.7
Women's Vocational High School,private_school,31.560662762686313,74.30948173426589,0.7
Mian Iqbal Hussain High School,private_school,31.561569495814314,74.34953373308821,0.7
Islamia Girls School,private_school,31.56432581884089,74.32565689188183,0.7
Saint Andrew's School,private_school,31.57756963404635,74.34501243012261,0.7
لیڈی میکلیگن اسکول,private_school,31.56355816304606,74.30625902540896,0.7
Islamia High School,private_school,31.57146210164858,74.30457224460186,0.7
Central model school,private_school,31.57498931628847,74.30277075451158,0.7
Central model school,private_school,31.574772233440275,74.30290132855595,0.7
Central model school,private_school,31.574547014719617,74.30301962268021,0.7
Central model school,private_school,31.57472354738231,74.30230955468816,0.7
Central model school,private_school,31.57436261916894,74.30202974142695,0.7
Central model school,private_school,31.574227125763482,74.30230183042411,0.7
Central model school,private_school,31.57413622913362,74.30285498999874,0.7
Central model school,private_school,31.574351764983334,74.30291987276155,0.7
Central model school,private_school,31.574476960475554,74.30276313585274,0.7
Central model school,private_school,31.574610828718438,74.30264959666472,0.7
Central model school,private_school,31.573968298965763,74.30208321259468,0.7
Convent of Jesus and Mary,private_school,31.56105752556289,74.340834071004,0.7
Take Wala School,private_school,31.586426063761575,74.33600159170008,0.7
Chiragh Girls School,private_school,31.583007188548144,74.36251754064146,0.7
Girls High School,private_school,31.58265628641915,74.36643519799388,0.7
Girls Shalimar HIgh School2,private_school,31.588570796754496,74.39490171432946,0.7
CDG Girls Middle School,private_school,31.523276734636887,74.28633713324581,0.7
SCIL School Barki Road Branch,private_school,31.507736350057876,74.46958543873716,0.7
Muslim Model High School,private_school,31.54462967586347,74.37633494805854,0.7
Special Education School,private_school,31.558886510119297,74.39960256628551,0.7
Govt School Tajpura,private_school,31.556887209213404,74.40265469196524,0.7
Govt Boys High School Tajpura Scheme,private_school,31.55786669629778,74.40527257017976,0.7
WAPDA High School,private_school,31.59225447307678,74.38798885895272,0.7
گورنمنٹ بوائز اسکول,private_school,31.60235156190484,74.361563918226,0.7
City District Government Boys High School,private_school,31.59458525131637,74.34770067776778,0.7
Sardar High School,private_school,31.556274068962512,74.35376203986274,0.7
Government Urdu Medium School - Garhi Shahu,private_school,31.556070053548922,74.35542258187988,0.7
Girls Urdu College,private_school,31.549945725880598,74.37189001601232,0.7
FG Boys High School Number 1,private_school,31.54954822065833,74.37380816731954,0.7
Govt. Islamia Girls College,private_school,31.542507536994922,74.37877847115743,0.7
Govt.Islamia High School,private_school,31.546551280249375,74.38042863026534,0.7
Garrison Academy for Girls,private_school,31.54059901866714,74.38171170281066,0.7
F.G. Model High School for Girls,private_school,31.542601452423302,74.37659146710769,0.7
Cantonment School for Boys,private_school,31.543559905244223,74.37664037057013,0.7
Islamia High School for Girls Lahore Cantt,private_school,31.546427329907555,74.37852362245806,0.7
Garrison Junior School,private_school,31.52312212214591,74.37765617242287,0.7
Garrison Boys High School,private_school,31.524314533170816,74.38051065622022,0.7
سینٹ جوزف اسکول,private_school,31.531954541597347,74.3833100727338,0.7
Azam Garrison School and College,private_school,31.534497925171845,74.38142835642584,0.7
Army Public High School,private_school,31.536607626697922,74.38113796129905,0.7
Government Degree College,private_school,31.573295329487816,74.3198505934785,0.7
Deaf Model High School For Girls,private_school,31.55708469904217,74.30235268034474,0.7
Lahore Grammar School Phase V,private_school,31.46567166041119,74.39382694853079,0.7
The City School Paragon Campus,private_school,31.533096812583548,74.45037660069474,0.7
Football Field,private_school,31.533796047622346,74.4517495811431,0.7
Unnamed private_school,private_school,31.470986660586252,74.38378326596977,0.7
Unnamed private_school,private_school,31.47582139835753,74.3751104031366,0.7
گورنمنٹ رنگ محل کرسچن ہائی سکول,private_school,31.58211660963792,74.31920198384226,0.7
Madrasa-tul-Binat Misri Shah,private_school,31.586496154641324,74.33249579317818,0.7
Unnamed private_school,private_school,31.585367623392735,74.33205969348502,0.7
Gov't High School Chamra Mamdi,private_school,31.58105262293393,74.3377065622443,0.7
Govt. Girls High School Wassanpura,private_school,31.595755597571948,74.3496993802818,0.7
Trust Model Public High School,private_school,31.598915970855288,74.31061444099139,0.7
Govt Ayesha Degree College for Women,private_school,31.601371661133346,74.30351005565409,0.7
Sacred Heart Convent School,private_school,31.567855636784184,74.3151215343617,0.7
Govt High School Mozang,private_school,31.558911143344293,74.31302534054518,0.7
"Govt. Islamia High School, Sheranwala Gate",private_school,31.586116705034623,74.32460898419768,0.7
Presbyterian School Lahore,private_school,31.572727772727244,74.33448197895713,0.7
 تنویر اسلامیہ گرلز ہائی سکول,private_school,31.546631599837426,74.36193283586982,0.7
لاہور امریکن اسکول,private_school,31.546769483808745,74.35350849574309,0.7
City District Government Girls High School Kabootarpura,private_school,31.504935850129097,74.35621874997646,0.7
Walton Training School,private_school,31.484827049904254,74.36121478137659,0.7
Suleimania Public High School & Orphan Center,private_school,31.53272029802295,74.30544117714102,0.7
Govt. Girls High School Samanbad,private_school,31.542224862728872,74.30484183209563,0.7
Quran Complex And Seerat Academy,private_school,31.54438770319623,74.35816534927811,0.7
Government Muslim League High School,private_school,31.570422430013444,74.33585821414704,0.7
Govt High School for Boys Gulberg 2,private_school,31.52698926146998,74.34516801927647,0.7
Muhammadia Girls High School,private_school,31.582746743040218,74.30231584757122,0.7
Government Girls College,private_school,31.566639894911216,74.29897664503854,0.7
Chishtia High School,private_school,31.567330939002357,74.29958250983863,0.7
Govt. Higher Secondary School for Girls - Dev Samaj Road,private_school,31.56988122638733,74.30073479532821,0.7
Islamia High School - Sant Nagar,private_school,31.5700142858625,74.29885315376502,0.7
Lahore Model School For Boys,private_school,31.57051305118199,74.29916820251066,0.7
Lal School,private_school,31.557041408629708,74.28129668202959,0.7
WASA Training Center,private_school,31.54657735888534,74.28828413510738,0.7
Govt. Degree College for Women,private_school,31.54918796068635,74.28061250326353,0.7
Chauburji Gardens High School,private_school,31.549190830320587,74.3003758590008,0.7
Pakistan Post Model Girls High School,private_school,31.548450720620597,74.29695596772811,0.7
سٹی ڈسٹرکٹ گورنمنٹ جونیئر ماڈل گرلز ہائی اسکول,private_school,31.540988719811736,74.292827669352,0.7
Unnamed private_school,private_school,31.454780435020535,74.44541479150061,0.7
Unnamed private_school,private_school,31.455265380110706,74.44513682701663,0.7
Govt. Special Education Center,private_school,31.585861917029042,74.31505323183632,0.7
Unnamed private_school,private_school,31.581582408738996,74.32209068102951,0.7
Almadina High School,private_school,31.610675971665756,74.34075136913073,0.7
CDGL School Bhamma Lahore,private_school,31.61058200407824,74.34137362778804,0.7
گورمنتٹ اسلامیہ کالج آف کامرس,private_school,31.511870266163417,74.28276330083987,0.7
انجمن حمایتِ اسلام کالج,private_school,31.5318615980606,74.28849910382553,0.7
Asifa Girls High School,private_school,31.584486965614904,74.31035150552432,0.7
Government Girls Middle School,private_school,31.58812541253684,74.3179037882525,0.7
Adabistan-e-Soophia High School,private_school,31.54978663737434,74.3134358794991,0.7
گورنمنٹ. ماڈل گرلز ہائی سکول الہیٰ پارک وسن پورہ,private_school,31.587905256970966,74.3357561161384,0.7
American Premier School,private_school,31.575491100732222,74.45345938739342,0.7
Unnamed private_school,private_school,31.57729825577532,74.44717785063543,0.7
The Punjab School,private_school,31.568945635770785,74.41792334850075,0.7
Unnamed private_school,private_school,31.448004287076756,74.43275608897963,0.7
GGHS Anjuman-e-Islamia Gawalmandi,private_school,31.572579440449214,74.32084466118167,0.7
GGHS Junior Model Gawalmandi,private_school,31.572412026257812,74.32054438646416,0.7
Government Middle School Gowalmandi,private_school,31.574036827722143,74.31864918089772,0.7
Primary School,private_school,31.534670370639542,74.33041492088665,0.7
لارڈز انٹرنیشنل سکول سسٹم,private_school,31.505013533784794,74.3525984542191,0.7
Government Junior Model School,private_school,31.53676215162587,74.29465518403849,0.7
Youth Campus School,private_school,31.538766478309235,74.29500659694232,0.7
Govt School,private_school,31.5763396901317,74.30294204102287,0.7
Govt Primry School Manhala Kalan,private_school,31.532909584453268,74.54148932596374,0.7
GGHS School Manhala,private_school,31.52918528285625,74.54258661173483,0.7
Govt High School Manhala,private_school,31.53213870886859,74.54410152618377,0.7
Govt Primry School Manhala Khurd,private_school,31.526111063054593,74.54624914938162,0.7
TCF Middel Girls School Manhala,private_school,31.524916943758598,74.54816444386189,0.7
EFA School Manhala,private_school,31.521461025117947,74.54980341035338,0.7
Govt Girls Primary School,private_school,31.608559415713223,74.2892458272237,0.7
Unnamed bank,bank,31.428104700000006,74.2103823,0.6
ایم سی بی بینک,bank,31.473985100000007,74.35729489999999,0.6
الائیڈ بینک,bank,31.468550700000005,74.31748869999998,0.6
عسکری بینک,bank,31.470702599999992,74.27284519999999,0.6
United Bank Limited (UBL),bank,31.470553199999994,74.27288230000002,0.6
عسکری بینک,bank,31.5236262,74.34687579999999,0.6
Mezan Bank,bank,31.54927949999999,74.3150817,0.6
Faisal Bank,bank,31.547352299999996,74.3167194,0.6
Habib Bank,bank,31.5469569,74.3163962,0.6
الائیڈ بینک لمیٹڈ,bank,31.520356099999987,74.3245138,0.6
ایم سی بی بینک,bank,31.520456200000005,74.3213808,0.6
سونیری بینک,bank,31.560400899999994,74.32225429999998,0.6
State Bank of Pakistan,bank,31.562905800000003,74.31606569999998,0.6
Dubai Islami Bank,bank,31.469957999999995,74.27293899999998,0.6
United Bank Ltd,bank,31.5269494,74.4458878,0.6
یونائیٹڈ بینک لمیٹڈ,bank,31.5224732,74.43874909999998,0.6
Bank Al-Falah,bank,31.51505239999999,74.3422317,0.6
نیشنل بینک آف پاکستان,bank,31.5200385,74.2914501,0.6
Suheniri Bank,bank,31.4366844,74.29022939999999,0.6
فیصل بینک,bank,31.437116699999997,74.29034939999998,0.6
ایم سی بی بینک,bank,31.436587199999995,74.29030029999998,0.6
"Alfalah Bank, Batapur",bank,31.596165900000003,74.4911585,0.6
"Habib Bank Limited, Batapur",bank,31.5959226,74.4930625,0.6
"United Bank Limited, Batapur",bank,31.5963447,74.49282069999998,0.6
"Silk Bank, Batapur",bank,31.5962355,74.4918261,0.6
ایم سی بی بینک,bank,31.595320500000007,74.48706009999998,0.6
ایچ بی ایل پاکستان,bank,31.5713791,74.30841799999999,0.6
Mughalpura Chowk,bank,31.5628367,74.3811082,0.6
UBL BANK,bank,31.571279499999992,74.30792099999998,0.6
یونائیٹڈ بینک لمیٹڈ,bank,31.518588899999994,74.3188198,0.6
The Bank of Punjab,bank,31.518269799999995,74.31934659999999,0.6
Bank Al-Habib Ltd,bank,31.522554300000003,74.324059,0.6
Askari Bank Ltd,bank,31.520463900000003,74.32252519999999,0.6
The Bank of Punjab,bank,31.5182606,74.3193704,0.6
نیشنل بینک آف پاکستان,bank,31.51985789999999,74.32023749999999,0.6
سمٹ بینک,bank,31.5197872,74.3201203,0.6
نیشنل بینک آف پاکستان,bank,31.519639499999997,74.3274113,0.6
یونائیٹڈ بینک لمیٹڈ,bank,31.47516059999999,74.4007616,0.6
Al Barqa Bank,bank,31.4753701,74.4006191,0.6
MCB,bank,31.563041099999996,74.3810535,0.6
الائیڈ بینک لمیٹڈ,bank,31.5247238,74.364365,0.6
Habib Bank Ltd,bank,31.541858300000005,74.3015635,0.6
Allied Bank LTD,bank,31.446996099999993,74.2965089,0.6
UBL Ameen,bank,31.466890399999993,74.2739234,0.6
Muslim Commercial Bank,bank,31.5394989,74.3058577,0.6
Bank of Punjab,bank,31.475962799999998,74.3429101,0.6
Sector B phase 6 dha,bank,31.4706616,74.4430856,0.6
نیشنل بینک آف پاکستان,bank,31.46271949999999,74.31040839999999,0.6
Liaqat Chok,bank,31.521036700000003,74.2701363,0.6
Larechs colony garhi shahu,bank,31.563510499999996,74.3536704,0.6
khushhali bank,bank,31.542379000000004,74.33080699999998,0.6
Students Resource,bank,31.493916399999993,74.4184412,0.6
یونائیٹڈ بینک لمیٹڈ,bank,31.530591200000003,74.3126485,0.6
Bank of Punjab,bank,31.449333299999992,74.2692563,0.6
بینک اسلامی,bank,31.5518681,74.3409935,0.6
Muslim Commercial Bank (MCB),bank,31.431441300000003,74.34848099999999,0.6
الائیڈ بینک لمیٹڈ,bank,31.644800999999998,74.2851046,0.6
Bank Alfalah.,bank,31.455138199999997,74.2158011,0.6
ایچ بی ایل پاکستان,bank,31.455164300000007,74.2160233,0.6
ایم سی بی بینک,bank,31.629981999999984,74.2875338,0.6
Al Baraka Bank,bank,31.622252299999996,74.28916879999998,0.6
Habib Bank,bank,31.618307299999998,74.289229,0.6
بینک الفلاح,bank,31.617987799999998,74.2888538,0.6
اسٹینڈرڈ چارٹرڈ,bank,31.618174700000004,74.2875939,0.6
ایم سی بی بینک,bank,31.617885299999994,74.2882168,0.6
الائیڈ بینک,bank,31.61501609999999,74.2904181,0.6
esahulat 63325,bank,31.61338250000001,74.26625359999998,0.6
The Bank of Punjab,bank,31.614288500000004,74.26873319999999,0.6
Habib Metropolitan Bank,bank,31.615852499999992,74.27393219999999,0.6
بينک الحبيب,bank,31.615752799999996,74.2733714,0.6
Apna Bank,bank,31.616468599999994,74.27700319999998,0.6
Khushali Bank Pvt,bank,31.616190000000003,74.2778267,0.6
نیشنل بینک آف پاکستان,bank,31.616623999999995,74.28005559999998,0.6
میزان بینک,bank,31.6180629,74.2863132,0.6
MCB,bank,31.5982602,74.29934589999999,0.6
Bank Al Habib Limited,bank,31.59798289999999,74.2997776,0.6
MCB Timber Market Branch,bank,31.597404099999995,74.3000856,0.6
الائیڈ بینک,bank,31.597033299999993,74.30060939999998,0.6
esahulat 63799,bank,31.5934226,74.301102,0.6
بینک الفلاح,bank,31.591681200000004,74.30458119999999,0.6
ایچ بی ایل پاکستان,bank,31.5914146,74.3049471,0.6
ایچ بی ایل پاکستان,bank,31.5823118,74.3062794,0.6
Hazrat Data Ali Hajveri,bank,31.57926120000001,74.3038774,0.6
esahulat 60591,bank,31.578899799999995,74.3029367,0.6
یونائیٹڈ بینک لمیٹڈ,bank,31.579067799999997,74.30293049999999,0.6
NIB Bank,bank,31.5781608,74.2991728,0.6
الائیڈ بینک,bank,31.5800465,74.3009427,0.6
Habib Metropolitan Bank,bank,31.604235900000003,74.30822709999998,0.6
میزان بینک,bank,31.603749400000005,74.3086187,0.6
Bank Alfalah Limited,bank,31.603063999999996,74.30923559999998,0.6
یونائیٹڈ بینک لمیٹڈ,bank,31.592627400000012,74.3068608,0.6
Meezan Bank Limited,bank,31.575122999999998,74.31733779999999,0.6
جے ایس بینک,bank,31.579121299999997,74.32575249999998,0.6
NIB Bank,bank,31.579256900000004,74.3258481,0.6
ایچ بی ایل پاکستان,bank,31.5787285,74.3252528,0.6
اسٹینڈرڈ چارٹرڈ,bank,31.5785778,74.3251254,0.6
Summit Bank,bank,31.579316499999997,74.3254227,0.6
بينک الحبيب,bank,31.579218499999996,74.3253325,0.6
بینک الفلاح,bank,31.58005819999999,74.32649689999998,0.6
The Bank Of Punjab,bank,31.580621999999998,74.3269747,0.6
فیصل بینک,bank,31.588125699999996,74.3203927,0.6
Askari Bank Limited,bank,31.5886171,74.31903709999999,0.6
The Bank of Punjab,bank,31.582177499999997,74.3185762,0.6
یونائیٹڈ بینک لمیٹڈ,bank,31.5795973,74.3182003,0.6
The Bank of Khyber,bank,31.5794425,74.31834509999999,0.6
Askari Bank Ltd,bank,31.5790487,74.31808319999999,0.6
Meezan Bank Ltd,bank,31.579321700000012,74.31775969999998,0.6
Allied Bank Ltd,bank,31.579555299999996,74.3177689,0.6
Bank Al-Habib,bank,31.579458199999998,74.317772,0.6
سمٹ بینک,bank,31.579019900000002,74.31827109999999,0.6
National Bank - NBP,bank,31.5768616,74.3175688,0.6
فیصل بینک,bank,31.575947599999992,74.3165871,0.6
Habib Bank,bank,31.573670000000003,74.3025198,0.6
Apna Microfinance Bank,bank,31.4822484,74.3303453,0.6
ایچ بی ایل پاکستان,bank,31.480843699999998,74.32908130000001,0.6
NIB Bank,bank,31.4884189,74.3274009,0.6
بینک الفلاح,bank,31.488270899999996,74.32730910000001,0.6
ایچ بی ایل پاکستان,bank,31.48894629999999,74.32770729999999,0.6
اسٹینڈرڈ چارٹرڈ,bank,31.488451899999994,74.3268753,0.6
سونیری بینک,bank,31.489128499999996,74.3280698,0.6
میزان بینک,bank,31.48894029999999,74.3262858,0.6
یونائیٹڈ بینک لمیٹڈ,bank,31.4889214,74.325959,0.6
The Bank Of Punjab,bank,31.489017700000005,74.3254925,0.6
ایم سی بی بینک,bank,31.4889794,74.3258178,0.6
جے ایس بینک,bank,31.4887233,74.32584189999999,0.6
Burj Bank Limited,bank,31.488593199999993,74.32624949999999,0.6
الائیڈ بینک لمیٹڈ,bank,31.489056800000004,74.3250927,0.6
Silk Bank,bank,31.488850000000003,74.3253446,0.6
Allied Bank Head Office,bank,31.503240299999995,74.3294154,0.6
عسکری بینک,bank,31.502558400000005,74.324546,0.6
ایچ بی ایل پاکستان,bank,31.502189000000005,74.3232247,0.6
سمٹ بینک,bank,31.502152799999994,74.3231114,0.6
Samba Bank,bank,31.501709200000004,74.32158959999998,0.6
Meezan Bank Ltd,bank,31.500456899999996,74.31948020000002,0.6
Habib Metropolitan Bank,bank,31.50052020000001,74.3196395,0.6
نیشنل بینک آف پاکستان,bank,31.499542500000004,74.32003939999998,0.6
یونائیٹڈ بینک لمیٹڈ,bank,31.501162999999995,74.319728,0.6
Tameer Bank,bank,31.501018100000003,74.3192537,0.6
Royal Bank of Scotland,bank,31.500924599999994,74.31883249999998,0.6
فیصل بینک,bank,31.500809899999993,74.3184185,0.6
بينک الحبيب,bank,31.5007737,74.3181813,0.6
سندھ بینک,bank,31.485443300000004,74.3054241,0.6
HBL Branch,bank,31.484339599999995,74.2995106,0.6
بینک الفلاح,bank,31.481281200000005,74.29890059999998,0.6
فیصل بینک,bank,31.4809291,74.299258,0.6
SME Bank,bank,31.477966800000008,74.3011377,0.6
ایم سی بی بینک,bank,31.4777645,74.3011873,0.6
MCB Islamic Bank,bank,31.472937999999992,74.3022667,0.6
Nafa Islamic Saving Centre Lahore,bank,31.472350100000003,74.30302249999998,0.6
NRSP Microfinance Bank Limited,bank,31.4715057,74.30329339999999,0.6
The Bank of Khyber,bank,31.468371600000005,74.3056551,0.6
الائیڈ بینک,bank,31.467953299999994,74.30543329999999,0.6
Al Barka Bank,bank,31.4680534,74.3064544,0.6
بینک الفلاح,bank,31.466882299999995,74.30771759999999,0.6
میزان بینک,bank,31.4669361,74.3080959,0.6
Standard Chartered Bank And ATM,bank,31.4676132,74.30760789999998,0.6
Samba Bank Faisal Town Branch,bank,31.4681968,74.30756349999999,0.6
سمٹ بینک,bank,31.467917900000003,74.3074094,0.6
ایم سی بی بینک,bank,31.46684249999999,74.30835040000001,0.6
عسکری بینک,bank,31.46695599999999,74.3092821,0.6
Bank Of Punjab,bank,31.4663446,74.3096603,0.6
Bank Al-Habib,bank,31.46609159999999,74.3115213,0.6
یونائیٹڈ بینک لمیٹڈ,bank,31.466185699999997,74.3112646,0.6
Silk Bank,bank,31.465123699999996,74.31270279999998,0.6
دبئی اسلامی بینک,bank,31.4647911,74.3136018,0.6
Habib Metropolitan Bank limited,bank,31.4648409,74.3150168,0.6
سندھ بینک,bank,31.463126299999992,74.3191004,0.6
ایچ بی ایل پاکستان,bank,31.460022099999993,74.32565799999999,0.6
Silk Bank,bank,31.502315999999997,74.33194079999998,0.6
National Savings Centre,bank,31.499343699999994,74.33405219999999,0.6
UBL Ameen,bank,31.492733599999998,74.3367655,0.6
FINCA Microfinance Bank Limited,bank,31.492554399999996,74.33682619999999,0.6
الائیڈ بینک لمیٹڈ,bank,31.491447599999997,74.337253,0.6
میزان بینک,bank,31.4891203,74.3382506,0.6
ایچ بی ایل پاکستان,bank,31.487001199999995,74.33911569999998,0.6
Habib Bank,bank,31.571068000000007,74.3187444,0.6
بینک الفلاح,bank,31.564891599999996,74.3914538,0.6
میزان بینک,bank,31.587286799999998,74.4048228,0.6
ایچ بی ایل پاکستان,bank,31.5458511,74.37716059999998,0.6
نیشنل بینک آف پاکستان,bank,31.474966000000002,74.3781604,0.6
فیصل بینک,bank,31.494249099999998,74.418468,0.6
Bank of Khyber,bank,31.511506700000005,74.35097669999999,0.6
Bank Of Punjab,bank,31.483604000000003,74.408525,0.6
VIS House,bank,31.483857300000004,74.4097815,0.6
یونائیٹڈ بینک لمیٹڈ,bank,31.522610199999995,74.35049389999999,0.6
ایچ بی ایل پاکستان,bank,31.482356999999997,74.3940266,0.6
اسٹینڈرڈ چارٹرڈ,bank,31.482279999999996,74.3941239,0.6
فیصل بینک,bank,31.482228699999997,74.3942567,0.6
Al Baraka Bank,bank,31.4820899,74.39435399999999,0.6
سمٹ بینک,bank,31.4833196,74.39310579999999,0.6
First Women Bank Ltd. (FWBL) - Defence Branch,bank,31.4835588,74.3932563,0.6
United Bank Limited (UBL Ameen),bank,31.483402799999993,74.3930327,0.6
بينک الحبيب,bank,31.483227699999986,74.39321969999999,0.6
Burj Bank Limited,bank,31.482149400000004,74.3943255,0.6
بینک اسلامی,bank,31.4833464,74.3950189,0.6
The Bank of Punjab,bank,31.483528600000007,74.3956937,0.6
The Bank of Punjab,bank,31.5230067,74.34875309999998,0.6
Bank Alfalah DHA Phase II Branch,bank,31.474536,74.4041207,0.6
"MCB Islamic Bank Ltd. T-59, DHA, Lahore",bank,31.474093999999994,74.4037304,0.6
اسٹینڈرڈ چارٹرڈ,bank,31.474357499999993,74.4031328,0.6
Burj Bank Limited,bank,31.474315899999997,74.4037589,0.6
جے ایس بینک,bank,31.4743713,74.40383,0.6
NIB Bank,bank,31.47481249999999,74.4010622,0.6
Allied Bank DHA S Block Branc,bank,31.475103700000005,74.40081979999998,0.6
ایم سی بی بینک,bank,31.474466600000003,74.4011752,0.6
MCB Mustafabad Branch,bank,31.55187709999999,74.3612184,0.6
Meezan Bank Limited,bank,31.474386399999997,74.37648789999999,0.6
بینک الفلاح,bank,31.474425800000002,74.3766451,0.6
Bank Al Habib Limited,bank,31.474038,74.3769088,0.6
National Bank,bank,31.473191800000002,74.3767161,0.6
الائیڈ بینک لمیٹڈ,bank,31.47290930000001,74.3772673,0.6
Askari Bank Ltd. Islamic Banking,bank,31.472448100000005,74.3769556,0.6
بینک اسلامی,bank,31.47267959999999,74.37766139999998,0.6
سمٹ بینک,bank,31.4739913,74.37832159999999,0.6
عسکری بینک,bank,31.473939999999995,74.3783463,0.6
Silk Bank,bank,31.474294099999995,74.3782337,0.6
دبئی اسلامی بینک,bank,31.488782399999998,74.3263117,0.6
MCB Emporium Mall Branch,bank,31.467633,74.2642487,0.6
ایم سی بی بینک,bank,31.5198125,74.2924941,0.6
ایم سی بی بینک,bank,31.561607599999988,74.330338,0.6
ایم سی بی بینک,bank,31.5869947,74.40327740000001,0.6
میزان بینک,bank,31.4446965,74.27850989999999,0.6
ایچ بی ایل پاکستان,bank,31.4447316,74.2785531,0.6
Al Habib,bank,31.530028,74.2862216,0.6
ایم سی بی بینک,bank,31.577940000000005,74.3186431,0.6
Samar & Samar prize bond,bank,31.564904499999987,74.31121269999998,0.6
Bank of Punjab - Lahore Head Office,bank,31.5620644,74.33409509999998,0.6
Atlas Bank,bank,31.560662500000003,74.3323129,0.6
میزان بینک,bank,31.442485399999992,74.32563759999998,0.6
میزان بینک,bank,31.45476489999999,74.3182577,0.6
Apna Bank,bank,31.552760599999996,74.35402349999998,0.6
میزان بینک,bank,31.530676200000002,74.31254809999999,0.6
ایم سی بی بینک,bank,31.529969199999993,74.3510981,0.6
Allied Bank Ltd,bank,31.562149599999994,74.3181158,0.6
ایم سی بی بینک,bank,31.562674900000005,74.3173448,0.6
Habib Metropolitan Bank,bank,31.488510399999992,74.326369,0.6
فیصل بینک,bank,31.4890801,74.3257013,0.6
میزان بینک,bank,31.488908800000004,74.3268809,0.6
الائیڈ بینک لمیٹڈ,bank,31.4750954,74.37890389999998,0.6
بینک اسلامی,bank,31.4889149,74.3266071,0.6
Unnamed bank,bank,31.4755172,74.3791077,0.6
عسکری بینک,bank,31.4887604,74.32756099999999,0.6
بینک الفلاح,bank,31.5271412,74.35171169999998,0.6
سمٹ بینک,bank,31.489064000000003,74.3268972,0.6
ایم سی بی بینک,bank,31.4940443,74.3494163,0.6
میزان بینک,bank,31.494170100000005,74.349281,0.6
بينک الحبيب,bank,31.4886083,74.32687639999999,0.6
بینک اسلامی,bank,31.461436399999997,74.4134502,0.6
بينک الحبيب,bank,31.4732061,74.44268279999999,0.6
ایم سی بی بینک,bank,31.501309299999992,74.3665881,0.6
The Bank of Punjab,bank,31.566783199999993,74.3261469,0.6
اسٹینڈرڈ چارٹرڈ,bank,31.566966699999988,74.3118692,0.6
Unnamed bank,bank,31.60772890000001,74.2509109,0.6
Faysal Bank,bank,31.448049999999988,74.43377079999999,0.6
Askari Bank,bank,31.44828729999999,74.4338069,0.6
Meezan Bank,bank,31.4856343,74.2830296,0.6
Soneri Bank,bank,31.544120599999992,74.42110159999999,0.6
Askari Bank,bank,31.544372599999996,74.4204293,0.6
MCB,bank,31.54447400000001,74.4201742,0.6
Sindh Bank Manhala,bank,31.531173699999997,74.54229579999999,0.6
Silk Bank,bank,31.50182707968988,74.36539728784058,0.6
Postal Life Insurance Building,bank,31.565366350052265,74.3123488500254,0.6
ایچ بی ایل پاکستان,bank,31.599231154684873,74.33737209689596,0.6
Unnamed bank,bank,31.470108693027264,74.30863811685602,0.6
Unnamed bank,bank,31.515134638452455,74.34197563393357,0.6
ایچ بی ایل پاکستان,bank,31.50383383760426,74.3073104769882,0.6
عسکری بینک,bank,31.43734291906753,74.29090259455978,0.6
بینک الفلاح,bank,31.485696813877563,74.28289301925751,0.6
"National Bank of Pakistan, Tech Society Branch",bank,31.485412465451354,74.28317697196957,0.6
اسٹینڈرڈ چارٹرڈ,bank,31.552442185990348,74.35902290911066,0.6
نیشنل بینک آف پاکستان,bank,31.565717640611542,74.31194899140937,0.6
سونیری بینک,bank,31.494215984456073,74.41771529554777,0.6
Bank Al Habib,bank,31.491175616562302,74.41535516901969,0.6
عسکری بینک,bank,31.535649950007542,74.4165797499991,0.6
Habib Bank,bank,31.53564519150535,74.41676610353423,0.6
فیصل بینک,bank,31.5018372500198,74.36727429999988,0.6
جے ایس بینک,bank,31.50183819586426,74.3671601443743,0.6
ایچ بی ایل پاکستان,bank,31.50187167244738,74.36606070127388,0.6
Meezan Bank,bank,31.483987313011276,74.40808986993675,0.6
ایم سی بی بینک,bank,31.50187381497326,74.36255991428511,0.6
SIEC,bank,31.50186601932819,74.36428808818538,0.6
عسکری بینک,bank,31.501840586068983,74.36509647918497,0.6
Al Baraka Bank Cavalry Ground,bank,31.501873859202096,74.3658357358604,0.6
ایم سی بی بینک,bank,31.47416478311633,74.40374290477219,0.6
جے ایس بینک,bank,31.47422835003449,74.4038281999961,0.6
Faisal Bank Barkat,bank,31.501246702309878,74.36684923626488,0.6
دبئی اسلامی بینک,bank,31.50127772355383,74.36696163577255,0.6
سونیری بینک,bank,31.501303610590305,74.36710136986096,0.6
Bank Of Punjab,bank,31.501308062188215,74.36587412379485,0.6
بینک الفلاح,bank,31.50138096348287,74.36352746181093,0.6
الائیڈ بینک,bank,31.50135196504986,74.36433998244625,0.6
alBaraka Bank,bank,31.47524391805054,74.40049107518357,0.6
یونائیٹڈ بینک لمیٹڈ,bank,31.47506280002212,74.40067690000478,0.6
بینک اسلامی,bank,31.483456250024336,74.39502169999729,0.6
BIPL-G-Block-LHR,bank,31.48377796169349,74.39467783446506,0.6
National Saving Center,bank,31.483885080360157,74.39456559869105,0.6
میزان بینک,bank,31.48421518986657,74.39292010769908,0.6
United Bank Limited (UBL Ameen),bank,31.483378595567274,74.39315881550625,0.6
سمٹ بینک,bank,31.483319335145005,74.3932184400562,0.6
بينک الحبيب,bank,31.48313498694221,74.39340237484643,0.6
بینک الفلاح,bank,31.48306793392845,74.39346792445744,0.6
دبئی اسلامی بینک,bank,31.482937873289593,74.39360371019838,0.6
Allied Bank,bank,31.482697887214435,74.39386251056601,0.6
سونیری بینک,bank,31.48263563117964,74.3939215659952,0.6
First Women Bank Ltd,bank,31.483415130779765,74.393347295337,0.6
الائیڈ بینک,bank,31.51995310001495,74.38179654999915,0.6
HBL Pakistan,bank,31.482365180664363,74.39417689296185,0.6
اسٹینڈرڈ چارٹرڈ,bank,31.482309614012973,74.3942353460431,0.6
فیصل بینک,bank,31.482253635145074,74.39429228383152,0.6
Burj Bank Limited,bank,31.4821916184334,74.39435602632135,0.6
Al-Meezan Group Investment Banking,bank,31.474886450022662,74.4008634000047,0.6
عسکری بینک,bank,31.49499810381367,74.41901099492787,0.6
BankIslami Pakistan,bank,31.49350483876426,74.41807408874968,0.6
National Bankof pakistan,bank,31.47473995739672,74.40239496115987,0.6
ایچ بی ایل پاکستان,bank,31.47473240044453,74.40254449946235,0.6
Emaan Islamic Banking Silk Bank,bank,31.474264805333778,74.40242801239397,0.6
فیصل بینک,bank,31.52647491424514,74.38010245652234,0.6
National Bank of Pakistan (NBP),bank,31.52168176458724,74.37849233893826,0.6
سمٹ بینک,bank,31.540257574908868,74.3767965364675,0.6
National Savings Center,bank,31.540817050009828,74.3768333,0.6
ایچ بی ایل پاکستان,bank,31.54603500004097,74.37697414999985,0.6
یونائیٹڈ بینک لمیٹڈ,bank,31.526883855397212,74.44583547506318,0.6
فیصل بینک,bank,31.51809585301108,74.45741271582827,0.6
میزان بینک,bank,31.492876542018042,74.38733447479818,0.6
بينک الحبيب,bank,31.594482150033006,74.47367955000114,0.6
Allied Bank Limited ATM,bank,31.59434871580939,74.47292351782168,0.6
میزان بینک,bank,31.54873198261131,74.40176864292224,0.6
MCB,bank,31.548349438871256,74.40558787328197,0.6
Bank of Punjab,bank,31.42345728761486,74.35739377868084,0.6
بینک اسلامی,bank,31.42361778094033,74.3573486760991,0.6
میزان بینک,bank,31.42392682843578,74.35726626608206,0.6
ایچ بی ایل پاکستان,bank,31.425284497756973,74.35712764281449,0.6
جے ایس بینک,bank,31.42145594547871,74.3576711262931,0.6
The Bank of Punjab,bank,31.45821709577133,74.35028361339874,0.6
فیصل بینک,bank,31.449403149726884,74.35318770457656,0.6
National Bank of Pakistan (NBP),bank,31.453910850012335,74.3527088000004,0.6
بينک الحبيب,bank,31.457641250004535,74.35141205000167,0.6
بينک الحبيب,bank,31.374786224821307,74.36449803553079,0.6
میزان بینک,bank,31.374651898125006,74.3645065745807,0.6
سندھ بینک,bank,31.37401170000771,74.36465625000044,0.6
یونائیٹڈ بینک لمیٹڈ,bank,31.373753600937206,74.36470740073523,0.6
بینک الفلاح,bank,31.373625500025177,74.364712000001,0.6
ایم سی بی بینک,bank,31.37331289470734,74.36476002554808,0.6
الائیڈ بینک لمیٹڈ,bank,31.43550454298249,74.35559794189055,0.6
بینک الفلاح,bank,31.458683809973525,74.35106062257243,0.6
ایم سی بی بینک,bank,31.46089623483928,74.35015423073096,0.6
ایچ بی ایل پاکستان,bank,31.480859613063103,74.32906617410893,0.6
الائیڈ بینک لمیٹڈ,bank,31.525100182677257,74.45373068007102,0.6
عسکری بینک,bank,31.530572826766004,74.45304912746273,0.6
Habib Bank Ltd,bank,31.525285408205356,74.4534639989745,0.6
HBL Bank,bank,31.475665340709647,74.37941068113885,0.6
Unnamed bank,bank,31.475567452130942,74.3790898186064,0.6
Unnamed bank,bank,31.472735067265535,74.37762888591217,0.6
Unnamed bank,bank,31.47281415003489,74.37733550000088,0.6
Unnamed bank,bank,31.47397865001347,74.3784657500079,0.6
Unnamed bank,bank,31.474054881977345,74.37843126915381,0.6
Unnamed bank,bank,31.4742836000135,74.37833170000788,0.6
یونائیٹڈ بینک لمیٹڈ,bank,31.522654387218285,74.35055083269567,0.6
جے ایس بینک,bank,31.519495421545425,74.35123598625636,0.6
First Women Bank,bank,31.513174659409465,74.34808673168676,0.6
جے ایس بینک,bank,31.51392215007811,74.34603624999842,0.6
دبئی اسلامی بینک,bank,31.52077343175058,74.347317837956,0.6
الائیڈ بینک لمیٹڈ,bank,31.520063107351888,74.34784681742698,0.6
Samba Bank,bank,31.517551908194243,74.34526286810842,0.6
اسٹینڈرڈ چارٹرڈ,bank,31.515654711747246,74.34431475668427,0.6
Habib Metro Bank,bank,31.515404700078737,74.34424029996875,0.6
بينک الحبيب,bank,31.515170350219154,74.34471969999376,0.6
عسکری بینک,bank,31.514990695416657,74.34496457505243,0.6
الائیڈ بینک,bank,31.503115621271238,74.32949515852677,0.6
Sindh Bank,bank,31.531146603598504,74.54228527024047,0.6
Afzal Jeweler,jewellery,31.582831199999994,74.3184224,0.8
ARSHAD JEWELER,jewellery,31.5098405,74.34349619999999,0.8
Damas Jewelry,jewellery,31.511161400000002,74.35046699999998,0.8
MEEMO'S Accessories,jewellery,31.484001420533144,74.39496432576203,0.8
Focus,clothing,31.4686651,74.3175369,0.65
Mayur Jeans,clothing,31.609903899999996,74.2930916,0.65
Jafree's Garments & Accessories,clothing,31.539162300000005,74.3309088,0.65
H. Karim Buksh,clothing,31.561493800000004,74.3193386,0.65
Imran Sports Cloths Shop,clothing,31.563192199999992,74.3829854,0.65
Hulk Hogan Clothes,clothing,31.5631974,74.3831594,0.65
Jameel Tailor,clothing,31.585222,74.4118319,0.65
Sohail Tower,clothing,31.575909999999993,74.3131626,0.65
Wazir Ali Road,clothing,31.536581100000006,74.360604,0.65
Ahsaan Home,clothing,31.524449400000005,74.4579063,0.65
Unifoam Factory Outlet,clothing,31.596860899999996,74.2996255,0.65
Catalog Pakistan,clothing,31.5021726,74.2743131,0.65
Faraz Manan,clothing,31.510063799999998,74.3507379,0.65
Levi's,clothing,31.510454799999994,74.3502954,0.65
Be Smart,clothing,31.512304800000003,74.3512207,0.65
Junaid Jamshed,clothing,31.513217100000002,74.35142189999999,0.65
Haji Ramzan Fabric,clothing,31.486419699999992,74.4135368,0.65
Chester Bernard,clothing,31.5142324,74.3510276,0.65
Famous Brands Store,clothing,31.5157164,74.35146479999999,0.65
Sana Safinaz,clothing,31.516770500000003,74.3521729,0.65
Motifz,clothing,31.5174213,74.35164189999999,0.65
Agha Noor,clothing,31.518175799999998,74.3517974,0.65
Lime Light Flagship Store,clothing,31.519017200000008,74.3515507,0.65
Khaadi,clothing,31.5206338,74.3511295,0.65
Generation Flagship Strore,clothing,31.5210591,74.3491313,0.65
BEECHTREE,clothing,31.5206749,74.34887379999999,0.65
Sapphire Retail Store Gulberg,clothing,31.521177899999994,74.3485198,0.65
Cynosure,clothing,31.5212292,74.3516123,0.65
Dandy Designs,clothing,31.5220911,74.350569,0.65
Origins,clothing,31.522399799999995,74.3507379,0.65
Maria B,clothing,31.522226000000003,74.3509311,0.65
Ideas by Gul Ahmed,clothing,31.523050100000003,74.3486431,0.65
Samsara Couture House,clothing,31.4743471,74.37641669999998,0.65
ENEM Store,clothing,31.510328999999995,74.34350289999999,0.65
LifeStyle Collection - Emporium Mall,clothing,31.467667000000002,74.26439969999998,0.65
Lala Textiles - Emporium Mall,clothing,31.4678736,74.2653204,0.65
Hopscotch - Emporium Mall,clothing,31.468040099999993,74.26605509999999,0.65
Royal Tag - Emporium Mall,clothing,31.46784029999999,74.2651735,0.65
Giordano - Emporium Mall,clothing,31.467514399999992,74.2644602,0.65
Nishat Linen,clothing,31.506778100000005,74.35593309999999,0.65
Outfitters,clothing,31.507507599999997,74.3524999,0.65
Uniworth Dress Co - Mall Of Lahore,clothing,31.529571899999993,74.37884749999999,0.65
ہریر,clothing,31.5214972,74.3577191,0.65
Landa Bazar Cloth Market,clothing,31.5807965,74.3301521,0.65
PFDC,clothing,31.5185137,74.3457161,0.65
Suffuse,clothing,31.518573500000002,74.3457964,0.65
Sintone.pk,clothing,31.5168629,74.35241479999999,0.65
Ameer Zada,clothing,31.516978099999992,74.3523888,0.65
Ahmed Fabrics,clothing,31.494929750016343,74.418959599993,0.65
ENGINE,clothing,31.48293254103979,74.39633785813047,0.65
Bella Kids,clothing,31.482505200010944,74.39433150000005,0.65
Kids Planet,clothing,31.482922057604473,74.39433218202569,0.65
My Choice,clothing,31.483618359996214,74.39524649863466,0.65
Adorable Fabrics,clothing,31.48356380126311,74.39491261151305,0.65
Al Saleem Silk Center,clothing,31.48351492749224,74.39484689982609,0.65
Twinkle Collections,clothing,31.48341040001919,74.39420424999638,0.65
Brandz Hub,clothing,31.483312350024118,74.39405849999606,0.65
Peru's,clothing,31.483087700029724,74.39429609999684,0.65
veezo verpali,clothing,31.483031069448927,74.3942203956715,0.65
Zebaish,clothing,31.483678992451583,74.39454869352075,0.65
Zeri & Meri Kids Store,clothing,31.483726609928222,74.39461250552435,0.65
Jamsharee,clothing,31.483895640508525,74.39482749083324,0.65
AROSHI,clothing,31.48394875465903,74.3948942699191,0.65
MS Fashion House of Brand,clothing,31.484148680004736,74.3952056128177,0.65
Minnie Minors,clothing,31.484258606723646,74.39522368899557,0.65
Lawrencepur,clothing,31.48511389578639,74.39163574233794,0.65
Orange Jeans Co,clothing,31.48272990698395,74.39404939499778,0.65
GRAVITY,clothing,31.482924014000876,74.39385668867153,0.65
Ismails,clothing,31.483033437773,74.39372486064991,0.65
Diners,clothing,31.48309766178449,74.39365820123008,0.65
Shirt & Tie Shop,clothing,31.481954866772888,74.39455599824508,0.65
ONE,clothing,31.53919287127914,74.41704390893808,0.65
Mantiq of the Mantis,clothing,31.536866000038202,74.37784499999975,0.65
Motifz,clothing,31.416777452358737,74.356700304711,0.65
Puma,clothing,31.522276246930293,74.35010066211967,0.65
Unnamed cinema,cinema,31.4893057,74.31076799999998,0.85
Imperial Cenima,cinema,31.525306100000005,74.4525076,0.85
Cinestar IMAX 3D,cinema,31.450460899999996,74.31074919999999,0.85
Luxus Grand Cinema,cinema,31.561838299999994,74.330637,0.85
Bhatti Cinema,cinema,31.578259799999994,74.3071249,0.85
Super Cinema,cinema,31.508814499999993,74.3496496,0.85
Universal Cinemas - Emporium Mall,cinema,31.467980000000004,74.2664346,0.85
PAF Cinema,cinema,31.518557099999985,74.38170279999999,0.85
Cinepax,cinema,31.471408099999994,74.3570356,0.85
DHA Cenima,cinema,31.475608212973963,74.40420883589888,0.85
Pakistan Talkies پاکستان ٹاکیز,cinema,31.58587588043603,74.30870348498094,0.85
Taj Cinema,cinema,31.56305877052852,74.3449246686332,0.85
Crown Cinema,cinema,31.563169508302295,74.34535486513688,0.85
Mehfil Theatre,cinema,31.564360810073673,74.33049408858899,0.85
Chevrolet Platinum Theatre,cinema,31.56516100475101,74.32812229417262,0.85
Gulistan Cinema,cinema,31.565306527488108,74.3277466244223,0.85
Metropole Cinema,cinema,31.56599887375198,74.3286809649382,0.85
Capital Cinema,cinema,31.566000718279668,74.32639537010891,0.85
Odeon,cinema,31.566899370508754,74.32670273394113,0.85
Empire Cinema,cinema,31.568899720393798,74.32665475199305,0.85
Nagina Cinema,cinema,31.56820346386226,74.32065276446833,0.85
Naz Cinema,cinema,31.567883072537082,74.32073201237004,0.85
Plaza Cinema,cinema,31.558428605062375,74.32292180155495,0.85
Prince Cinema,cinema,31.565031585207326,74.33061595029176,0.85
Super Cinema,cinema,31.565297874819123,74.33025304302538,0.85
Mubarak Cinema,cinema,31.564051464145034,74.33121723215655,0.85
