name,amenity,lat,lon
Services Club,cafe,31.5185277,74.37773190000001
Unnamed Dining_Spots,cafe,31.5379372,74.3536993
Main Cafeteria,cafe,31.503686499999997,74.3078108
Main Cafeteria,restaurant,31.497104500000003,74.3068676
ڈنکن ڈونٹس,fast_food,31.475349599999994,74.3781516
Gourmet Grill,restaurant,31.4747018,74.3785748
Bundu Khan,restaurant,31.473559899999998,74.3792443
Unnamed Dining_Spots,fast_food,31.47439010000001,74.37656909999998
Unnamed Dining_Spots,fast_food,31.47339879999999,74.3766437
گلوریا جینز,cafe,31.474167499999993,74.37923569999998
Bundu Khan,restaurant,31.5654607,74.31551919999998
Indulge,cafe,31.514389199999997,74.3512606
Unnamed Dining_Spots,restaurant,31.531648399999998,74.365306
Unnamed Dining_Spots,fast_food,31.5076336,74.347735
مکڈونلڈز,fast_food,31.519732200000004,74.2906808
Bundu khan,restaurant,31.520958899999997,74.2907459
Unnamed Dining_Spots,restaurant,31.52129689999999,74.3478278
پیزا ہٹ,restaurant,31.502021800000005,74.4233827
مکڈونلڈز,fast_food,31.5320166,74.3641378
Baghdadi Restaurant,restaurant,31.539191999999996,74.3309128
MeatEx,restaurant,31.5391468,74.33063919999998
Baba Ji Qulfi,cafe,31.521266299999994,74.32534209999999
Foods Gallery,restaurant,31.520772999999995,74.3240049
Dine Out,restaurant,31.520670700000007,74.3230175
Fazel Haq,restaurant,31.5202557,74.3237246
Gawal Mandi Food Street,restaurant,31.572149499999995,74.31881119999998
کینٹکی فرائیڈ چکن,fast_food,31.562121399999995,74.3180407
سب وے,fast_food,31.510758999999986,74.3458555
"Banera, Rooftop Restaurant",restaurant,31.447171800000003,74.215028
Bundu Khan,restaurant,31.534267400000004,74.36416970000002
ہارڈیز,fast_food,31.46800760000001,74.2322824
کینٹکی فرائیڈ چکن,fast_food,31.468263799999992,74.2326794
Fort View Hotel & Restaurant,restaurant,31.587319500000007,74.3119051
کوکوز ڈین,restaurant,31.5870545,74.3115511
مکڈونلڈز,fast_food,31.4760144,74.3767769
Ze' Grill,restaurant,31.434409700000007,74.21308439999999
مکڈونلڈز,fast_food,31.466965200000008,74.2518573
Siddique Kebab,restaurant,31.489642699999994,74.3192567
Manhattan Bites,fast_food,31.468647099999995,74.30724389999999
Zakir Tikka,restaurant,31.475024299999994,74.3053249
Krados,restaurant,31.47576359999999,74.30627339999998
Unnamed Dining_Spots,cafe,31.5873751,74.339805
chen one resturant,restaurant,31.5165498,74.3423889
Al-Rehmat,restaurant,31.521124600000004,74.29209829999999
Hafiz Juice Corner,cafe,31.5678728,74.31001519999998
Vouge Towers,restaurant,31.508751699999994,74.3498654
KFC ,fast_food,31.5014314,74.366024
Marriage Hut,restaurant,31.4256223,74.2848505
Kings N Queens,restaurant,31.4837758,74.39549329999998
PG Cafe,cafe,31.575358799999993,74.3072304
Bhaiya Kebab,restaurant,31.49042640000001,74.31911349999999
جاوا ریسٹورانٹ,restaurant,31.5239698,74.3235983
بھٹی تکہ شاپ,restaurant,31.524376199999995,74.3184866
Lahore Brost,restaurant,31.517852399999995,74.31751649999998
IN Canal Resturant,restaurant,31.5190478,74.3266936
Dher Aala,fast_food,31.485682200000003,74.30760279999998
Maroo tandoor,restaurant,31.485440500000006,74.3077095
Grill and bake Restaurant,restaurant,31.48838569999999,74.3081519
Jawa Family Restaurant,restaurant,31.52399659999999,74.3234883
Eataly Ristorante,restaurant,31.519176300000005,74.3460254
Aroma Grill,restaurant,31.5261593,74.4535785
BFC,restaurant,31.522437599999996,74.28997829999999
Lahore Broast,restaurant,31.52315229999999,74.2890749
Inter Cafe,cafe,31.57207250000001,74.30864779999999
Kuku's Grill and Family Restaurant,fast_food,31.48169280000001,74.3021554
Chicken & Bun,fast_food,31.4815351,74.30190279999998
Wright Burger,fast_food,31.4646136,74.38947199999998
Sarpinos,fast_food,31.463773899999993,74.38968839999998
Lassani Foods,fast_food,31.5633819,74.3804239
Lasani Shawarma & Burger,fast_food,31.562595899999994,74.38027619999998
Hotpot Family Resturant,restaurant,31.480346299999994,74.3142544
Yasir Broast Fateh Garh Road Br,restaurant,31.566808,74.40485039999999
BFC,fast_food,31.458055799999997,74.3080428
Topsy Burger,restaurant,31.541828499999987,74.3016005
Turkish Restaurant & Cafe,cafe,31.510316999999993,74.3507033
chili food point,fast_food,31.619891999999997,74.2821244
Grill,restaurant,31.4737351,74.4086932
Heera dahi bhallay,fast_food,31.557922100000003,74.2810635
Majarica,fast_food,31.5187609,74.324019
Muqadas & Biryani House,restaurant,31.477065600000007,74.310378
Monal restaurant Lahore,restaurant,31.5097528,74.34103879999999
Fc university cafe,cafe,31.5196324,74.3347358
Atta Makhan Singh,fast_food,31.553770199999988,74.3624012
Unnamed Dining_Spots,fast_food,31.5156254,74.2852165
Zafran restaurant,restaurant,31.471886700000002,74.37432199999999
LA ATRIUM,restaurant,31.5169274,74.3420874
Options,restaurant,31.5014137,74.3227798
the restaurant,restaurant,31.4515669,74.2683403
SHOKAT HOTEL,restaurant,31.5196676,74.27108939999998
Fam Flats,cafe,31.520645499999986,74.2712621
Mr.Chicks,cafe,31.563945299999997,74.3807989
Gourmet Restaurant,restaurant,31.4500628,74.2707066
Cafe & fine dining place,cafe,31.4493135,74.2695546
KaKa,fast_food,31.448767600000007,74.26877789999999
Yasir Broast TakeAway & Delivery,fast_food,31.4509446,74.27020479999999
California Pizzeria,restaurant,31.450036599999994,74.2698197
Awesomosa,cafe,31.501810999999996,74.3737468
Broadway Pizza,fast_food,31.4714523,74.3766358
SFC,fast_food,31.452621299999997,74.2181439
Johnny and Jugnu,restaurant,31.462161400000003,74.2884209
Goonga Kabab Shop,restaurant,31.562376299999997,74.3201608
Al-Noor Hotel & Restaurant,restaurant,31.679078199999996,74.2779645
Arzu Hotel & Restaurant,restaurant,31.659940300000002,74.2812993
Italian Pizza,restaurant,31.63225909999999,74.28706669999998
Too Hot Too Spicy,restaurant,31.6231745,74.2889565
Dhaka Bhaya Biryani Point,restaurant,31.6195218,74.28973509999999
Instant Burgers,restaurant,31.6159444,74.2904323
Sheesh Mahal,restaurant,31.6148564,74.2915401
Dory Bakers and Sweets,cafe,31.6233429,74.2943826
BBQ Take Away,restaurant,31.6235611,74.2956488
New Al-Fazal Dera Restaurent,restaurant,31.625174299999994,74.3011261
Arabian Shawarma,fast_food,31.61329509999999,74.2648769
Zauq Tonight Restaurant,restaurant,31.614467199999993,74.26976329999998
Al Khan Restaurant,restaurant,31.614863299999993,74.27149499999999
Siddique Fish Corner,restaurant,31.617612999999995,74.28562919999999
Ravi Chargha,restaurant,31.591739399999998,74.3059083
Grand Trunk Road گرینڈ ٹرنک روڈ,restaurant,31.5891194,74.3063064
Al Masoom Juice Corner,fast_food,31.589666499999993,74.30390389999998
Bola Chany Wala,fast_food,31.588010499999996,74.3053701
Rangeela Kukkar,fast_food,31.5876018,74.305795
Pizza Hot,fast_food,31.586921899999997,74.306323
Butt Resturant,restaurant,31.57986809999999,74.30576099999999
Hafiz Tea Stall,cafe,31.578153000000007,74.3029783
Chaudary Chargha House,restaurant,31.5816017,74.3026178
Ashoka Kabab Wala,restaurant,31.581321300000003,74.3031699
Qadri Charsi Tikka Dumba Karahi,restaurant,31.606129899999992,74.3065787
Shinwari Dumba karahi & Tikka,restaurant,31.606062,74.3072742
Ilyas Dumba Karahi,restaurant,31.6056521,74.3067734
Dumba Karahi - Truck Adda,restaurant,31.6054577,74.3069468
Jamshed Karahi,restaurant,31.605617399999993,74.30765819999999
Lasani Plaza,restaurant,31.605447100000003,74.30776259999999
Shinvari Hotel,restaurant,31.6055472,74.30578889999998
Ghani Shinwari,restaurant,31.605535800000006,74.3056173
Rajput Pakwan,restaurant,31.593001399999988,74.30664939999998
Sea Hawk Family Restaurant,restaurant,31.5739963,74.2959678
Goga Murgh Chanay,restaurant,31.482836699999993,74.3306515
Amjad Sweets & Restaurant,restaurant,31.482919000000003,74.33019259999999
Karachi Naseer Biryani,restaurant,31.482804599999987,74.330526
Al Qaim Restaurant,restaurant,31.4826,74.3303796
Fancy Sweets & Restaurant,restaurant,31.482636399999997,74.3307341
ڈنکن ڈونٹس,fast_food,31.482371200000003,74.3308248
Nafees Dahi Bhallay,restaurant,31.481870799999992,74.3301801
Senior Boys Café,cafe,31.4811248,74.32784080000002
Junior Boys Café,cafe,31.480974000000003,74.32742
Unnamed Dining_Spots,restaurant,31.488744499999992,74.3261277
Cafe Delice,cafe,31.4888267,74.32567089999999
Goshi,restaurant,31.488677899999992,74.32601949999999
Unnamed Dining_Spots,restaurant,31.4887613,74.3251721
Pizzario,restaurant,31.487960299999987,74.32588219999998
Unnamed Dining_Spots,restaurant,31.4883413,74.3263772
Ice Food,fast_food,31.488426799999992,74.32554039999998
Unnamed Dining_Spots,cafe,31.488071800000004,74.3259622
Arabic Shawarma,fast_food,31.48833249999999,74.32556109999999
Sholay Restaurant,restaurant,31.488209999999995,74.3259078
Lal Qila,restaurant,31.5013939,74.3231039
Subway - Garden Town,fast_food,31.501763499999996,74.32171349999999
Grill Hut,restaurant,31.5007103,74.3212604
Karachi Biryani,fast_food,31.500311999999994,74.3227186
Mei Kong,restaurant,31.50001629999999,74.322846
کینٹکی فرائیڈ چکن,fast_food,31.501220300000004,74.320004
Options - An Exotic,restaurant,31.500064600000005,74.3179831
سب وے,restaurant,31.4853165,74.3022642
Al Madina Restaurant,restaurant,31.48097640000001,74.2984415
Village Pizza,restaurant,31.474990599999998,74.3025145
Pizza Place,restaurant,31.474782299999998,74.30261
NFC,restaurant,31.469767700000002,74.3033902
The Galaxy Restaurant (Pizza and Fast Foods),restaurant,31.469962799999994,74.3032221
Haji Sahib Nihari Waley,restaurant,31.468680299999992,74.3037661
Nadeem's Buffet,restaurant,31.469257800000005,74.30420509999999
Bashir Darul Mahi,restaurant,31.468783800000008,74.3038875
Tosta,restaurant,31.466254899999992,74.3111034
Jinnah Islamia College for Girls,cafe,31.4629526,74.31956719999998
Coko Bell,restaurant,31.4986349,74.3342951
Bundu Khan Sweets,restaurant,31.491584,74.3371987
Shawarma Time Arabian Food,fast_food,31.4908543,74.33749809999999
Canal Resturant,restaurant,31.517832199999997,74.32669849999999
Gravity The Gaming Cafe,cafe,31.4890014,74.33830159999998
Chicken Kozi Haleem,fast_food,31.488408999999994,74.33854029999999
Alif Milk Waly,cafe,31.4873165,74.3389801
YASIR BROAST,restaurant,31.5107571,74.30055529999998
حویلی ریسٹورانٹ,restaurant,31.587012899999998,74.31142549999998
Unnamed Dining_Spots,fast_food,31.576379500000005,74.3130972
Shehanshahi Fast Food,fast_food,31.519435700000002,74.2870513
Gauchos Steak House,restaurant,31.5187787,74.3458421
مکڈونلڈز,fast_food,31.538718,74.3365229
Qabail restaurant,restaurant,31.47536760000001,74.27087209999999
Qabail Restaurant,restaurant,31.5128313,74.3517481
The Brasserie Lahore,restaurant,31.518692399999996,74.3457792
Rafeh's Cuisine,restaurant,31.466796699999996,74.3182801
Hot n Spicy,cafe,31.48176249999999,74.3966681
Pak Tea House,cafe,31.567361999999996,74.3127106
گلوریا جینز,cafe,31.540274399999998,74.4239131
Johnny Rockets,restaurant,31.508339600000003,74.35038659999998
Fat Burger,fast_food,31.5084105,74.3497294
Burger Hub,fast_food,31.508662,74.34989039999999
ڈومینوز,fast_food,31.508632799999994,74.3507135
Freddys Cafe,cafe,31.50928860000001,74.3500674
OPTP,fast_food,31.508661600000003,74.3505888
ہارڈیز,fast_food,31.50951729999999,74.3506655
Bombay Chowpatty,restaurant,31.510033600000003,74.35017430000002
Howdy,fast_food,31.510412899999988,74.3501918
Cafe Page 102,cafe,31.5102216,74.3507648
Salt and Pepper Village,restaurant,31.5104594,74.35084789999999
گاؤں,restaurant,31.510642299999994,74.350974
مکڈونلڈز,fast_food,31.511005899999997,74.3509445
Xi Wang,restaurant,31.5113009,74.35037579999998
پیزا ہٹ,restaurant,31.5130822,74.35139779999999
Al Madina food and Naan Shop,restaurant,31.480726999999995,74.4030818
Chatkhara360,restaurant,31.48364300000001,74.40986289999998
YAHOO CAFÉ,cafe,31.4868236,74.4126424
Haji Restaurant & Naan Shop,restaurant,31.4863278,74.4142401
Students Cafe,cafe,31.485570300000003,74.41639480000002
The Burger Joint,restaurant,31.4842764,74.4016917
کینٹکی فرائیڈ چکن,fast_food,31.514172900000002,74.35164989999998
Nisa Sultan,restaurant,31.513994600000004,74.35111609999998
Pomelo Avenue,restaurant,31.515080699999995,74.3512798
Smoothie Factory,restaurant,31.515144800000005,74.3518886
Chaaye Khana,restaurant,31.5154626,74.3519557
سب وے,fast_food,31.516258299999993,74.35158280000002
Tabaq Restaurant,restaurant,31.516528099999995,74.3524438
Cafe Aylanto,restaurant,31.5168757,74.3518081
Spice Bazzar,restaurant,31.51874739999999,74.35263959999999
Tuscany Courtyard Lahore,restaurant,31.51968949999999,74.3513522
Wings,fast_food,31.520264299999994,74.3516901
Café Zouk,restaurant,31.520364899999993,74.35166329999998
Taipei Chinese Restaurant,restaurant,31.520337399999992,74.3519959
Unnamed Dining_Spots,cafe,31.520772999999995,74.35222019999999
Unnamed Dining_Spots,restaurant,31.5201582,74.3509203
Sumo,restaurant,31.519906699999993,74.3500352
Sweet Affairs Bakery Cafe,cafe,31.521301400000002,74.34910979999998
Veranda Bistro,restaurant,31.5204646,74.34865919999999
Yum Chinese & Thai,restaurant,31.521452300000004,74.3487182
English Tea House,cafe,31.521713,74.34882549999999
Lahore Chatkhara,restaurant,31.521283999999994,74.3515051
Burger Corner,fast_food,31.5213412,74.3514192
Cock N Bull (Pizza & Steak House),restaurant,31.481723800000005,74.3959226
Arcadian Café,cafe,31.5226637,74.34954169999999
Memories Fort Restaurant,restaurant,31.522383899999987,74.35668979999998
Sarhad Hotel,restaurant,31.521954,74.35726380000001
Sichuan Chinese Restaurant,restaurant,31.52224670000001,74.3543187
Cafe Nataliya,cafe,31.524806,74.35540229999998
Shalimar Tower Restaurant,restaurant,31.534190500000005,74.34345789999999
Naan Bun Paneer,restaurant,31.514212800000003,74.32808339999998
Alamode Cafe,cafe,31.538265499999998,74.371341
Nandos,restaurant,31.533726700000003,74.3623975
پیزا ہٹ,restaurant,31.533424899999993,74.3639801
Bundu Khan - Emporium Mall,restaurant,31.467674799999998,74.2651405
Mocca Coffee,cafe,31.4677331,74.26538759999998
Juiceland - Emporium Mall,fast_food,31.468127999999993,74.26644279999998
KFC - Emporium Mall,fast_food,31.46790100000001,74.2660995
Simply Sufi Express - Emporium Mall,restaurant,31.468026399999992,74.26663140000001
Chachajee - Emporium Mall,fast_food,31.467847999999996,74.26587499999998
Second Cup - Emporium Mall,cafe,31.467627999999998,74.26494179999999
The Kebab Shop - Emporium Mall,restaurant,31.467920300000003,74.26552649999999
مکڈونلڈز,fast_food,31.467973399999998,74.2657606
Cone Heads - Emporium Mall,restaurant,31.468001700000002,74.2658858
Platter Junction - Emporium Mall,restaurant,31.467893600000004,74.26540859999999
Arcadian Cafe Signature - Emporium Mall,restaurant,31.4677334,74.2646937
برگر کنگ,fast_food,31.4677985,74.26498189999998
Nando's,restaurant,31.507402399999993,74.3550346
Coffee Tea & Company,cafe,31.507011399999993,74.35422449999999
Cinnabon,fast_food,31.507043399999997,74.35347079999998
Chaye Kada,cafe,31.506972499999993,74.3533099
Galitos Flame Grilled Chicken,restaurant,31.506924499999993,74.3554235
Bar.B.Q. Tonight,restaurant,31.50686049999999,74.3556515
China Town,restaurant,31.5068536,74.35657409999999
Tierra Nuestra,restaurant,31.5073567,74.35651249999998
Udon House,restaurant,31.507619699999996,74.3544981
گلوریا جینز,cafe,31.507482500000002,74.3537069
Cafe Costa,cafe,31.507153199999998,74.3507457
Café Barbera,cafe,31.507176000000005,74.3506143
The Chocolate Room,cafe,31.506785000000008,74.34994640000001
Thai Express Way,restaurant,31.50607610000001,74.3497855
Bombay Chowpatty - Mall Of Lahore,restaurant,31.529249500000006,74.3788234
Nasib Biryani,restaurant,31.529334100000003,74.3767715
Karachi Master Biryani,restaurant,31.5198308,74.2913354
Royal City Hotel,cafe,31.5755359,74.33399779999999
Locanta Restautant,restaurant,31.574921099999997,74.3364734
Koyla Restaurant,restaurant,31.561507000000002,74.3295923
Kitchen Cuisine,restaurant,31.4987506,74.42106049999998
SAM Restaurant,restaurant,31.502426299999993,74.34902139999998
Bamboo Union,restaurant,31.5189894,74.3460743
Patakha Express,restaurant,31.5089108,74.3509137
Wonder Pizza,restaurant,31.4626255,74.2884251
Manzoor PC Hotel,restaurant,31.504776899999992,74.3027019
Karachi Silver Spoon,restaurant,31.444468099999998,74.27892059999999
Tandoor,food_court,31.454642,74.2280969
wapda town,cafe,31.4394132,74.2728764
Perru's Cafe,cafe,31.4836246,74.3052175
Shahjahan,restaurant,31.5584767,74.33877169999998
makko,cafe,31.374922700000003,74.2529701
kuku khoya chanay,restaurant,31.627797799999986,74.2953031
Waqas Biryani,restaurant,31.564301699999998,74.3207201
Lung Fung Chinese,restaurant,31.5595596,74.33213169999999
Event Complex,restaurant,31.462234599999995,74.3199518
Yaku tea stall,cafe,31.5531309,74.3152585
Butt Karahi,restaurant,31.512304699999998,74.3326843
Meat the cheese,restaurant,31.5073863,74.3486167
Nisa Sultan,restaurant,31.5143204,74.3508309
Pak Tea House Actual Location,cafe,31.567525100000005,74.3118745
Cosa Nostra,restaurant,31.5270992,74.3514048
Butt Karachi,restaurant,31.5671973,74.32358449999998
Halva Channa Puri Restaurant,restaurant,31.547659500000005,74.3158784
Uncle Tetsu,cafe,31.50748709999999,74.3536051
Chobara,cafe,31.4507078,74.39629489999999
Al Ghazi Restaurant,restaurant,31.5260614,74.3174102
Street 360 Food Court,restaurant,31.521849999999993,74.4510342
Arif Chatkhara House,restaurant,31.521999799999993,74.4509326
Baba Gee Kulfi,restaurant,31.549098899999997,74.3800825
JAIDI,restaurant,31.4821604,74.39649589999999
The Wok,restaurant,31.518720299999995,74.3459702
Babar Restaurant,restaurant,31.5611841,74.3129496
Butlers Chocolate Café,cafe,31.506521399999993,74.34990849999998
Covent Garden,restaurant,31.495845600000006,74.3776439
Grill Perfection,fast_food,31.499198399999987,74.3203023
PF Changs Pakistan,restaurant,31.516177799999998,74.3515334
P.F. Chang's,restaurant,31.516174299999996,74.3515669
Swadi restaurant,restaurant,31.520937699999998,74.29098919999998
Unnamed Dining_Spots,restaurant,31.567505700000005,74.3235718
Hot Roast (2nd floor),restaurant,31.551650099999993,74.2828726
Bhatti Naan Shop,restaurant,31.4969759,74.4066792
Bismila Naan Shop,fast_food,31.584277299999997,74.40838559999999
English Tea House,cafe,31.473501199999998,74.37915339999999
مکڈونلڈز,fast_food,31.498421999999994,74.27341019999999
Fast food shop photo copy,fast_food,31.557741099999998,74.339282
Molvi Sahab Golgappay Walay,restaurant,31.5725442,74.3333552
Chaye Qawali,cafe,31.457510199999998,74.2798354
Zee Grill,restaurant,31.40965110000001,74.2616273
گلوریا جینز,cafe,31.488266000000003,74.3260735
سب وے,fast_food,31.4882193,74.3257077
Delish Pizza Bar,restaurant,31.488819099999997,74.32616969999998
Fine Pizza,fast_food,31.465451399999996,74.31523389999998
Pizza Channel,fast_food,31.47972110000001,74.3058014
Dazzler,fast_food,31.4508398,74.28546779999999
The Pantry,restaurant,31.518761599999998,74.3459154
The Brasserie,restaurant,31.5187265,74.3458755
Sweet Tooth,restaurant,31.518676400000007,74.346079
Mocca,cafe,31.518635099999994,74.34619849999999
Ganache Cafe,restaurant,31.518527900000006,74.34639689999999
The Burning Giraffe,restaurant,31.518607700000004,74.3462616
Molecule Coffee,restaurant,31.5187975,74.3465942
Second Cup,cafe,31.5190371,74.34593099999998
Cafe Beirut,restaurant,31.5192744,74.346089
Rice Bowl,restaurant,31.518941400000003,74.3462094
گلوریا جینز,cafe,31.518645299999996,74.3457666
Penthouse,restaurant,31.518626299999998,74.345868
ہارڈیز,fast_food,31.4751729,74.37914139999998
Sumo,restaurant,31.475170199999994,74.37900569999998
Mandarin Kitchen,restaurant,31.4750492,74.3790703
Nando's,restaurant,31.4749877,74.3785881
Bar.B.Q Tonight,restaurant,31.474719799999992,74.379445
Cafe Aylanto,restaurant,31.474233199999997,74.37971549999999
Yum Chinese & Thai,restaurant,31.4734564,74.3789945
کینٹکی فرائیڈ چکن,fast_food,31.473284899999996,74.3786782
114 by Insomnia Kitchen,restaurant,31.4886944,74.32654869999999
Mandarin Kitchen,restaurant,31.519821900000004,74.350039
Jade Cafe,cafe,31.506775199999996,74.356607
Butlers,cafe,31.506570400000005,74.349576
MariBelle,restaurant,31.51861239999999,74.34595749999998
OPTP,fast_food,31.475300699999984,74.3779573
Johnny & Jugnu,fast_food,31.466253099999992,74.3792468
Urban Kitchen,restaurant,31.5209151,74.3520323
Rina's Kitchenette,restaurant,31.527214500000003,74.35054640000001
Nainu's Pizza,fast_food,31.49431639999999,74.3492454
کینٹکی فرائیڈ چکن,fast_food,31.471507699999997,74.3196268
گلوریا جینز,cafe,31.461210600000005,74.4132709
Mocca,restaurant,31.4609731,74.4133344
Napoli,restaurant,31.461234199999986,74.4131248
The Delicatessen,restaurant,31.460902499999996,74.4137976
Cosa Nostra,restaurant,31.460944799999996,74.41369839999999
کینٹکی فرائیڈ چکن,fast_food,31.471398399999998,74.31931889999998
Papa John's,fast_food,31.471735199999994,74.3198992
OPTP,fast_food,31.488771799999995,74.32651509999998
Qabail Restaurant Johar Town,restaurant,31.474235999999994,74.27120039999998
پیزا ہٹ,restaurant,31.5240877,74.4524118
UET New Campus Cafe,cafe,31.694536900000003,74.2490857
Kiraz Coffee House,cafe,31.4340323,74.267841
Dock 27,restaurant,31.518700299999992,74.350588
forks n knives,restaurant,31.4778795,74.28199419999999
shahbaz tikka house,restaurant,31.567535099999997,74.3249438
shahbaz tikka house,restaurant,31.567556399999997,74.32496510000001
shahbaz tikka house,restaurant,31.5674859,74.3249561
HFC Frozen Food Fectory,fast_food,31.441129600000004,74.3176363
Tanali Food,restaurant,31.599203799999994,74.3422556
Red Lotus,restaurant,31.56154100000001,74.33004319999999
Fujiayama,restaurant,31.558605299999996,74.32791470000001
The Lakhanvi,restaurant,31.55898889999999,74.3273933
Taipan Chinese,restaurant,31.553014599999994,74.3379788
Bukhara,restaurant,31.552897599999994,74.33823729999999
Marco Polo Restaurant,restaurant,31.5528385,74.33842080000001
Pickup Burger,fast_food,31.615123399999998,74.29153899999999
Burger King,fast_food,31.5626179,74.3404911
Cafe Karachi,cafe,31.57718529999999,74.3339036
Bites Sandwich Burger & Shawarma,fast_food,31.57704920000001,74.33419019999998
Chai Rock,fast_food,31.452874599999994,74.2726473
The Veranda,restaurant,31.4665416,74.2740325
آغاٹی سٹور,cafe,31.582361099999996,74.32591619999998
Starry Night,cafe,31.459235400000008,74.28109059999998
المشہور پھجے کے پائے,restaurant,31.585110699999994,74.3127784
Gossip Garden GG Café & Restaurant,restaurant,31.454757699999995,74.27791419999998
Broadway Pizza,fast_food,31.44986359999999,74.2691159
Sweet Tea,cafe,31.45609779999999,74.2237452
AFOHS club,restaurant,31.4948981,74.3519995
Pizza Online,restaurant,31.523118299999993,74.28972509999998
Peeru’s cafe,restaurant,31.41228640000001,74.2327037
Unnamed Dining_Spots,restaurant,31.452782999999997,74.2998998
Cafe Gadushnik,cafe,31.5697659,74.4145561
Delicious Chicken Biryani 220,restaurant,31.521098800000004,74.2913756
BBQ Story,restaurant,31.4931092,74.27535699999999
Sarhad Restaurant,restaurant,31.522048900000005,74.3571413
Unnamed Dining_Spots,cafe,31.5506167,74.3395937
Savour Foods,restaurant,31.568229499999998,74.3257415
McDonald's,fast_food,31.369497299999992,74.2509842
Aura,restaurant,31.468804400000003,74.37605989999999
Kruncheese,restaurant,31.5069782,74.3485789
Dunkin',fast_food,31.447942899999994,74.43336879999998
Beijing Hut,restaurant,31.4479214,74.433472
Subway,fast_food,31.448011599999994,74.43374029999998
Pakwan Center,restaurant,31.448136900000005,74.433801
Karachi Naseeb Biryani,restaurant,31.448241899999992,74.4338609
Restaurant Lahore City,restaurant,31.566661099999997,74.3263612
Bashir Nan Pakoray,restaurant,31.585060900000002,74.31297779999998
عارف ھوٹل اینڈ ریسٹورنٹ,restaurant,31.585262600000007,74.31268709999999
Fazal Din Phajja Siri Paye - Since 1953,restaurant,31.585286600000007,74.312541
عارف چٹخارہ ہاؤس,restaurant,31.585376400000005,74.3122726
Shah Chicken Tawa Roast,restaurant,31.585501299999997,74.3122166
Al Rehman BBQ And Grill Chargha,restaurant,31.5855101,74.3119649
Sukuf,restaurant,31.447411600000002,74.44830639999999
"Pizza Da Napoli, Lahore",restaurant,31.4517332,74.28983719999998
PC Dhaba,restaurant,31.4994991,74.3155467
لاہور چٹخارا,restaurant,31.4840446,74.4571508
Ziafat,restaurant,31.527514900000003,74.3562707
Drip - Coffee Brewery & Bakery,cafe,31.530661400000007,74.3521529
Cheezious,restaurant,31.471049299999997,74.27669079999998
Broadway Pizza - Valencia Town,restaurant,31.40868319999999,74.26035099999999
GATE OF BURGERS,fast_food,31.548754999999993,74.4074625
Desi daira,restaurant,31.502119199999996,74.3738093
Mystique Restaurants,restaurant,31.520518100000004,74.3523862
Poet Mughlai,restaurant,31.353919799999986,74.2520535
Shawarma Stop,fast_food,31.369195000000005,74.253854
Sevva Restaurant,restaurant,31.362286,74.234402
Boomerang,fast_food,31.367566000000004,74.238176
KFC,fast_food,31.369473000000003,74.25077
Kababjees Restaurant,restaurant,31.463687499999995,74.4331719
C Cafe,cafe,31.448155999999994,74.26838230000001
Tao Pan - Lahore,restaurant,31.527481699999996,74.34914689999998
McDonald's,fast_food,31.525283699999996,74.3494688
KFC,fast_food,31.4626848,74.416714
Unnamed Dining_Spots,food_court,31.5454397,74.25576219999999
Salt'n Pepper Signature Restaurant,restaurant,31.3673982,74.23631249999998
Ahmad Dahi Bhaly,fast_food,31.494417900000006,74.3872523
Yasir Rafique Barbeque,restaurant,31.481763599999994,74.272152
Ali Baba Tikka,fast_food,31.543249600000006,74.4234117
Lahore Broast,fast_food,31.5435933,74.4226412
Ejaz Bhai,cafe,31.471658500000007,74.4099792
Kashi Resturant,restaurant,31.488566966030813,74.3796083784005
Gourmet Restaurant,restaurant,31.470814722209642,74.3089909627002
Salt n Pepper,restaurant,31.468451752514284,74.30782950912726
پیزا ہٹ,restaurant,31.469553715093195,74.30761975612563
Fri Chicks,fast_food,31.469474213782657,74.30832785278355
مکڈونلڈز,fast_food,31.466300157085207,74.31560373627195
پیزا ہٹ,restaurant,31.438070822298666,74.28052235384477
College Canteen,restaurant,31.48608019918248,74.29911206302035
Unnamed Dining_Spots,restaurant,31.4717724006529,74.30944649801378
DHA Dhaba,restaurant,31.495577700470214,74.42006272721271
Angaray Bar B Que,restaurant,31.49638282057552,74.42057825712682
Shehanshah Takeaway,restaurant,31.49782770812892,74.42049769195239
Iceland Juice & Dry Fruits,cafe,31.49770949779546,74.42098650371504
"Chef.S.Food, Resturant and Catering",restaurant,31.4925621500364,74.42243035000118
Pranzo Cena,restaurant,31.492201248509453,74.41689288435524
Students Cafe,restaurant,31.48571941379234,74.41648063815397
The Shack,restaurant,31.47400915001716,74.40765790000066
The Grill,restaurant,31.47385341694113,74.40767249907884
Potato Den,fast_food,31.484549885457408,74.40861454508851
Brio Burger & Pizza,restaurant,31.48062415000957,74.41189549999886
Shah Farooq Nazir Restaurant,restaurant,31.483696650020313,74.41087714999826
New Yorker Pizza,restaurant,31.47362945000897,74.40168764999953
Cold Stone DHA,restaurant,31.47387790000768,74.40157104999936
Choco Palace,restaurant,31.47444067476741,74.400964458757
Belgian Fries,restaurant,31.474548857485125,74.40321302557523
MARO Tandoors,restaurant,31.47458598481308,74.40232668218702
Kitchen Cuisine,cafe,31.501558250003285,74.37398585000011
Shawarma Hot Spot,food_court,31.49917413288104,74.36671405238599
Libas-e-Khas,restaurant,31.501346642885064,74.36462530418245
Cravea,restaurant,31.482712038259013,74.39654981628763
OPTP,restaurant,31.47437212446941,74.40232330849148
Kababjees,restaurant,31.482811887058116,74.39565981464897
Premiere Restaurant & Event Hall,restaurant,31.482880148384403,74.39559132658749
The Hot Spot Cafe,cafe,31.47418460000381,74.40158439999983
Pizza Town,restaurant,31.470265050012856,74.39037490000159
Holy Smoke,restaurant,31.47013161652398,74.39059829589313
The New York Gyro,restaurant,31.482839009603378,74.3958493881378
Haleem Campus,restaurant,31.469793010556387,74.38971176926343
Italian Pizza Lahore,restaurant,31.478815750019212,74.41581099999289
Tandoor Restaurant,restaurant,31.482048247609267,74.39599742403068
Fazal-E-Haq Dera Restaurant,restaurant,31.48217958378034,74.3958400383904
What'a Paratha,restaurant,31.482366975095832,74.39565372370406
Ravi Family Restaurant,restaurant,31.482484202993636,74.39552947688308
Cock and Bull,restaurant,31.48198735277878,74.39591656645328
Frooty Bar,restaurant,31.466237163334768,74.37916694978458
Raffy Caterers & BBQ,restaurant,31.45777659878076,74.3744908664025
Italian Express,fast_food,31.48223040943675,74.39566443851596
Nama Burger,fast_food,31.48226475000766,74.39562810000147
The Pizza Company,restaurant,31.45834665001038,74.37455709999874
Sauce Up,restaurant,31.455621600173433,74.3681762666982
Al-Minaal Arabian Cafe,restaurant,31.48336612374193,74.39387896195399
Pizza Time,fast_food,31.483310887966,74.39380855252998
Al-Noor Restaurant,restaurant,31.483588303969672,74.39441981611003
Books and Brew Cafe,cafe,31.483918748727714,74.39336028103034
The Zawak Pizza,fast_food,31.484547740499995,74.39356744891226
Spice Lounge (Old Handi Roti),restaurant,31.44679315042836,74.43121791540011
Continental Restaurant,restaurant,31.51920955005742,74.37787124999322
DeSOM Barbecue Restaurant,restaurant,31.519119961113645,74.37826449147335
Lahori Restaurant,restaurant,31.51909865011724,74.37914554997938
La Belle Vie,restaurant,31.51845178589907,74.37782281329935
Wing Lee,restaurant,31.51832107406991,74.3776343106846
Burger Justice,fast_food,31.48474330034971,74.391367851644
McDonald's,fast_food,31.482759686730063,74.39380555875114
Planet Cafe,cafe,31.48266629523472,74.39411310977975
Pan Shop & Cold Corner,food_court,31.52116831620294,74.38010205185158
Kitchen Cuisine,food_court,31.520919300039267,74.38032079999907
PAF Officers Mess,restaurant,31.51325960018525,74.38038219999585
Gourmet Marriage,restaurant,31.543040400138164,74.33071449999073
Haji Sardar Machli Farosh,fast_food,31.48806074714886,74.41285309122044
DATA,restaurant,31.49226292726655,74.40796789384332
iMOB,restaurant,31.482931941844008,74.4065499379712
Data Ali Hajveri Naan Shop,food_court,31.501445108073792,74.40924119312633
Baba Ji And Son Shicken Shop,restaurant,31.497238233674228,74.40669526666667
BURGERMAN,fast_food,31.47472685466885,74.40264978546189
گلوریا جینز,cafe,31.474583966149456,74.4023970176086
Cafe Heeva,restaurant,31.474578515197106,74.40252968003641
Bait Ul Sajji,restaurant,31.474351829251887,74.40259074853864
Dogar Restaurant,restaurant,31.47433291771847,74.40323174758161
Sofra Restaurant,restaurant,31.47434893586484,74.40282979404802
Pizzano Pizzas & Fast Food,fast_food,31.47394532192985,74.40205671093042
chinese Hotel White House,restaurant,31.498887900153928,74.42246524998536
White House Hotel,restaurant,31.4988272165354,74.42280652226604
Unnamed Dining_Spots,restaurant,31.49878403235546,74.42172923108068
Unnamed Dining_Spots,restaurant,31.498911131798682,74.42179469176685
سب وے,fast_food,31.535632450013033,74.41781884999867
The Backyard Grill,restaurant,31.5210626623982,74.42510608735324
Taste Corner,restaurant,31.537461914674825,74.41150726301176
Outpost BYOB,fast_food,31.52205081348425,74.4475302446675
Chai Shaai,restaurant,31.52191930001003,74.44773705
ذاکر ٹکا,restaurant,31.526284959276207,74.37614837872765
بابا جمال ٹکا شاپ,restaurant,31.528077288268374,74.3785277137588
Alamode Cafe,restaurant,31.538255624403867,74.37150499836304
AMC Mess,food_court,31.540673935800143,74.37883314025753
Food Fashion,restaurant,31.545619550013043,74.37742399999928
Aroma Grill,restaurant,31.526048256756606,74.45363338794468
Khan Chapal Kebab House,restaurant,31.50562243001076,74.38290564369929
Al-Nakeeb Naan Shop,restaurant,31.494210519879143,74.38872023686238
Spice n Bite,restaurant,31.494256325496817,74.38728754128496
Burger Bar,restaurant,31.488165884416723,74.38198032304457
P.F. Chang's Pakistan,restaurant,31.516204945086177,74.35141122664139
Yasir Broast,restaurant,31.548777607069457,74.4010903763752
Mansha Tikka,restaurant,31.54871962313751,74.40203356246607
Pizza Domeno Hut Jory Pul,restaurant,31.548290073016844,74.40590965628887
Chicken & Chip,restaurant,31.52366952377252,74.45025519363566
New Karachi Golden BBQ,restaurant,31.523862391337726,74.44997038103452
Ora Della Pizza,restaurant,31.524750413730118,74.45362338071821
The Hunger Hut,restaurant,31.524717912490573,74.45383622500637
NIrala,restaurant,31.529727941369238,74.45552931422078
Grab Your Meal,restaurant,31.5221869439957,74.3502312123158
Sweet Tooth,restaurant,31.52050589286466,74.35167069419947
Taipei Chinese,restaurant,31.520504300091257,74.35201295000674
Unnamed Dining_Spots,restaurant,31.474926557064848,74.3786126291645
Tabaq Restaurant,restaurant,31.5164556423831,74.35226027351708
ہارڈیز,fast_food,31.509521745967906,74.35086807146232
Unnamed Dining_Spots,restaurant,31.480870567667193,74.40300816201116
Cafe Baran,cafe,31.466476467526157,74.29441202754374
Sichuan Chinese restaurant,restaurant,31.522143549123648,74.35437450424052
Unnamed Dining_Spots,restaurant,31.574872502708466,74.4804394446543
KFC,fast_food,31.48124265826275,74.3958079370928
McDonald's,fast_food,31.392499259178873,74.24912506815667
McDonald's,fast_food,31.505122981454214,74.42560257469478
Khan Burger Family Restaurant,restaurant,31.581114505952975,74.47692396147838
Umair Shinwari Restaurant and Kabuli Pulao,restaurant,31.581210943922564,74.47746392623458
Gloria Jean's,cafe,31.453061591788284,74.43701516773565
Unnamed Dining_Spots,food_court,31.44814792278331,74.43340910467913
BRGR - Askari 11,fast_food,31.451163118545566,74.43195208217277
McDonald's,fast_food,31.451733846848178,74.4316759480337
Food Street,cafe,31.446553406337888,74.26783026765317
Cafe A,cafe,31.4473531469648,74.26778173633993
KFC,fast_food,31.52748931980287,74.34944024632777
Unnamed Dining_Spots,fast_food,31.54540139279761,74.25570784903496
Unnamed Dining_Spots,restaurant,31.545411748743778,74.25556106087006
Lahore Organic Village,restaurant,31.490324241279495,74.3790520902152
Green Olive,restaurant,31.46875200420095,74.41141831964123
Unnamed Dining_Spots,restaurant,31.600289559578354,74.3198762694563
Offside Cafe,cafe,31.46916560783323,74.41256047345107
